Date;Demand;Supply;decision;real_demand;real_supply;real_decision
2015-01-22;675.4323114345198;603.1291338364322;BUY;632.0532584;616.98;BUY
2015-01-23;675.9871255444441;552.5271017620972;BUY;638.5976312000001;612.01;BUY
2015-01-26;704.4090896689064;640.782274813742;BUY;729.456032;673.1600000000001;BUY
2015-01-27;564.5437924001029;603.2662047855547;SELL;576.2266802;690.97;SELL
2015-01-28;497.9326602585186;618.9930398754371;SELL;492.63427939999997;700.28;SELL
2015-01-29;391.5931993759333;619.204849528464;SELL;414.13272919999997;626.78;SELL
2015-01-30;289.72433341514375;574.9980840387849;SELL;291.5997866;610.05;SELL
2015-02-02;517.0293468438393;631.2638709359778;SELL;502.28324000000003;738.77;SELL
2015-03-02;536.5863733530375;540.2224964999327;SELL;538.060869;589.27;SELL
2015-04-02;452.1222310891559;276.26211164479713;BUY;473.98129220000004;176.44;BUY
2015-05-02;493.87145616713224;44.804377602773926;BUY;479.2648266;-425.69;BUY
2015-06-02;552.7012728566636;33.26171661158302;BUY;550.9645906000001;-329.33;BUY
2015-09-02;622.533639703357;34.93835149609848;BUY;635.961033;-245.89;BUY
2015-10-02;663.2146126606864;0.0;BUY;704.9347968;-475.33000000000004;BUY
2015-11-02;641.2948725175748;180.94648368805397;BUY;662.808718;60.5;BUY
2015-12-02;616.8126241359313;271.9402346103327;BUY;621.4388624;201.39000000000001;BUY
2015-02-13;620.2185975087574;546.1158876132772;BUY;605.8260942000001;609.1999999999999;SELL
2015-02-16;527.5507963480976;622.6714743475455;SELL;531.8845284;708.53;SELL
2015-02-17;529.9571147592203;621.450346387511;SELL;528.9511832;689.5600000000001;SELL
2015-02-18;557.1313973013774;605.932554149039;SELL;541.2877292000001;599.76;SELL
2015-02-19;569.0767833750746;536.5471077793982;BUY;578.4668227999999;514.11;BUY
2015-02-20;604.5678378348592;484.26485112936734;BUY;586.9741849999999;460.43;BUY
2015-02-23;648.3625780439384;586.6584734113144;BUY;678.118253;647.76;BUY
2015-02-24;588.7950103900088;573.6413545497805;BUY;622.2981886;628.2299999999999;SELL
2015-02-25;555.0148537958175;550.2254730429394;BUY;570.9094272000001;640.47;SELL
2015-02-26;548.1858298150697;558.7341445267048;SELL;553.2463908;603.5200000000001;SELL
2015-02-27;540.0248608142621;546.9194091908375;SELL;521.893221;549.67;SELL
2015-02-03;546.8491223827563;644.2232215584506;SELL;547.565991;737.78;SELL
2015-03-03;524.5865775082532;533.8255781044057;SELL;557.1878836;507.54999999999995;BUY
2015-04-03;502.3477473682981;230.6477259248523;BUY;516.09829;166.76999999999998;BUY
2015-05-03;416.50991214761837;45.820656270647866;BUY;451.90668719999996;-524.48;BUY
2015-06-03;380.33811183253965;34.15036510929867;BUY;419.93912539999997;-409.39;BUY
2015-09-03;460.17848931473713;35.913641323678064;BUY;388.73439360000003;-403.55999999999995;BUY
2015-10-03;566.0477484487557;0.0;BUY;479.2180416;-290.53;BUY
2015-11-03;637.9958381897497;130.3787578721112;BUY;591.0732194;-53.06999999999999;BUY
2015-12-03;651.6472889778182;243.54646325870357;BUY;599.7472126;212.97000000000003;BUY
2015-03-13;665.8902761456004;304.1436747209158;BUY;657.793541;144.70000000000002;BUY
2015-03-16;565.8592777383494;197.37628769848484;BUY;575.0767913999999;106.91999999999999;BUY
2015-03-17;531.0333395637631;213.15424734411;BUY;519.811702;86.99;BUY
2015-03-18;528.8676965783452;209.32871463289257;BUY;503.89171339999996;94.05999999999999;BUY
2015-03-19;554.3143255884897;193.59637331189347;BUY;512.3604356000001;89.13000000000001;BUY
2015-03-20;553.6582827027585;202.54856165955417;BUY;507.73096119999997;165.26000000000002;BUY
2015-03-23;664.6211630707621;219.92080540897774;BUY;626.1417072;126.38;BUY
2015-03-24;648.1673427981445;205.6601433116095;BUY;609.872246;158.14000000000001;BUY
2015-03-25;630.3094810759281;217.64596948739484;BUY;628.8181183999999;178.76999999999998;BUY
2015-03-26;624.2721498095501;241.02545120852653;BUY;635.2052672;20.369999999999994;BUY
2015-03-27;598.723656365498;149.61765252265062;BUY;625.6700714;-1.3000000000000007;BUY
2015-03-30;557.2973687264781;230.67694982099042;BUY;541.5222408;226.33999999999997;BUY
2015-03-31;568.1416329217776;243.31694123741343;BUY;557.5690876;366.94000000000005;BUY
2015-01-04;565.6097350981055;552.9653959047831;BUY;561.6010190000001;494.00000000000006;BUY
2015-02-04;557.3423701638249;636.9248722870879;SELL;561.2092200000001;705.45;SELL
2015-06-04;500.3040308503379;33.61488398430383;BUY;500.158878;-473.18;BUY
2015-07-04;485.2449189041125;0.0;BUY;488.15435180000003;-473.37999999999994;BUY
2015-08-04;454.52118630771065;0.0;BUY;464.75033499999995;-478.92;BUY
2015-09-04;416.09557404975646;0.0;BUY;403.88286519999997;-315.41999999999996;BUY
2015-10-04;381.547636879331;23.16726198498037;BUY;360.2720654;-305.18000000000006;BUY
2015-04-13;295.77856562294147;219.09829460377796;BUY;307.6388102;99.39999999999999;BUY
2015-04-14;210.9634215354195;169.1961264350272;BUY;239.3882846;29.809999999999995;BUY
2015-04-15;159.3169956541644;119.24678740713077;BUY;180.36072719999999;66.22999999999999;BUY
2015-04-16;170.99128739225762;167.50283243623872;BUY;160.4836158;68.02000000000001;BUY
2015-04-17;157.354841464429;130.69361644750853;BUY;153.650367;66.24000000000001;BUY
2015-04-20;350.470630116564;76.35882720929561;BUY;372.1073872;56.839999999999996;BUY
2015-04-21;280.19467240149373;140.05782118567964;BUY;312.6793668;-2.2099999999999973;BUY
2015-04-22;242.37846310310638;56.633154565452955;BUY;270.4820314;7.440000000000001;BUY
2015-04-23;228.9097357224161;76.27891774663527;BUY;234.1096972;-146.64;BUY
2015-04-24;191.09049173106987;33.80439057781297;BUY;222.0077474;-180.97;BUY
2015-04-27;348.71049049155795;179.30750503965493;BUY;378.2810448;53.67;BUY
2015-04-28;330.3776282404889;101.40548910409694;BUY;368.87659460000003;-90.81999999999998;BUY
2015-04-29;276.98735349520365;56.54612548324455;BUY;303.39015739999996;-276.66;BUY
2015-04-30;275.8796361251091;35.35249458012205;BUY;295.7316484;-360.24999999999994;BUY
2015-01-05;239.29923851789064;455.5848242136377;SELL;259.1240616;525.9100000000001;SELL
2015-04-05;209.24969279749448;191.25591341257814;BUY;239.2869844;245.83999999999997;SELL
2015-05-05;188.8058653815114;0.0;BUY;225.3003898;-301.7;BUY
2015-06-05;160.98230255431108;33.95476037202671;BUY;190.6874246;-454.6599999999999;BUY
2015-07-05;165.6257043924756;0.0;BUY;173.49956980000002;-299.48;BUY
2015-08-05;147.93200507359657;0.0;BUY;167.9289668;-332.01;BUY
2015-11-05;231.6113223700277;92.07236472782695;BUY;254.0087366;-547.02;BUY
2015-12-05;277.80672034377403;212.6857566797733;BUY;312.5129922;174.20999999999998;BUY
2015-05-13;269.3876963258292;0.0;BUY;303.8285342;-419.77000000000004;BUY
2015-05-14;227.95444586054433;0.0;BUY;225.4595588;-527.89;BUY
2015-05-15;160.65041103203131;0.0;BUY;191.26217659999998;-558.1899999999999;BUY
2015-05-18;211.8816242409543;47.435897832514115;BUY;207.0019966;-117.76000000000002;BUY
2015-05-19;199.13410598337376;33.28428254531609;BUY;237.59143199999997;-157.06000000000003;BUY
2015-05-20;211.98949648583917;0.0;BUY;243.80738080000003;-345.18;BUY
2015-05-21;222.9775523184635;0.0;BUY;245.408208;-564.98;BUY
2015-05-22;304.9812553240373;0.0;BUY;319.61894900000004;-621.47;BUY
2015-05-25;320.10536889242553;0.0;BUY;357.011536;-254.18;BUY
2015-05-26;292.9111412801472;0.0;BUY;347.5487456;-347.21000000000004;BUY
2015-05-27;237.10363060163272;0.0;BUY;256.3780346;-411.2;BUY
2015-05-28;200.4705919536322;0.0;BUY;230.71358880000003;-522.4300000000001;BUY
2015-05-29;238.10572166134048;26.579119504017477;BUY;270.1687886;-584.8400000000001;BUY
2015-01-06;198.2766240919057;476.71836914367896;SELL;210.12100780000003;247.39999999999998;SELL
2015-02-06;240.08372438573213;609.30732520787;SELL;248.11410120000002;667.5899999999999;SELL
2015-03-06;240.7696582740411;208.68523709941093;BUY;267.6942358;-62.46000000000002;BUY
2015-04-06;202.40801845512195;270.1130989979938;SELL;213.332575;196.66000000000003;BUY
2015-05-06;167.120891215433;20.11866792974773;BUY;188.8361538;-261.33000000000004;BUY
2015-08-06;140.5274381597679;0.0;BUY;149.5534774;-572.7800000000001;BUY
2015-09-06;159.51348334648628;0.0;BUY;145.9154146;-228.42000000000002;BUY
2015-10-06;176.9433649360032;22.54532387463421;BUY;171.1945012;-218.77999999999997;BUY
2015-11-06;165.45863676365252;11.851013698094992;BUY;168.9992614;-508.44999999999993;BUY
2015-12-06;134.94271459534602;248.38056838354706;SELL;161.6300064;184.32000000000002;SELL
2015-06-15;148.0226832038863;33.539446402311334;BUY;160.3647864;-398.9599999999999;BUY
2015-06-16;146.05904313533537;33.57548727007105;BUY;142.59015159999998;-397.99;BUY
2015-06-17;119.94469490293365;0.0;BUY;129.58408459999998;-318.4;BUY
2015-06-18;108.94148058942487;33.54442664261757;BUY;117.0363486;-357.7500000000001;BUY
2015-06-19;104.21635077026977;0.0;BUY;116.0053236;-352.52;BUY
2015-06-22;133.06948839862815;0.0;BUY;129.0455476;-280.05;BUY
2015-06-23;148.26696434840719;34.29835899962436;BUY;128.78417;-393.13999999999993;BUY
2015-06-24;174.00660607279528;0.0;BUY;173.20271200000002;-584.61;BUY
2015-06-25;216.63335672027875;0.0;BUY;226.4082582;-569.3899999999999;BUY
2015-06-26;225.11225749349705;0.0;BUY;230.86760180000002;-566.3499999999999;BUY
2015-06-29;191.554980337669;0.0;BUY;193.9789124;-569.14;BUY
2015-06-30;200.37938649317397;33.23146682562736;BUY;206.91037519999998;-463.3299999999999;BUY
2015-01-07;142.98860728214126;517.2378924689629;SELL;166.87428300000002;445.5900000000001;SELL
2015-02-07;135.2858900638032;583.6268436584281;SELL;138.0638906;692.8100000000001;SELL
2015-03-07;127.93818171297634;174.8717017377126;SELL;116.815285;-42.97;BUY
2015-06-07;131.43785310800953;0.0;BUY;131.659192;-284.6;BUY
2015-07-07;124.27629433213555;0.0;BUY;128.3541618;-450.21;BUY
2015-08-07;120.90724989276276;0.0;BUY;124.99164540000001;-598.3000000000001;BUY
2015-09-07;119.51957836758427;0.0;BUY;122.04073079999999;-126.30000000000001;BUY
2015-10-07;134.33237759938703;22.034976055039728;BUY;125.2852232;-200.0;BUY
2015-07-13;141.1299486312442;0.0;BUY;146.1885244;-424.15000000000003;BUY
2015-07-14;148.01175117081743;0.0;BUY;136.6303178;-440.15000000000003;BUY
2015-07-15;137.6451670029055;0.0;BUY;136.482692;-489.11999999999995;BUY
2015-07-16;124.29723166803656;0.0;BUY;141.300425;-504.98999999999995;BUY
2015-07-17;117.77794386538523;0.0;BUY;127.9810752;-479.61999999999995;BUY
2015-07-20;118.76272021501596;0.0;BUY;117.23217439999999;-361.62;BUY
2015-07-21;110.94988836628227;0.0;BUY;120.07985579999999;-420.15999999999997;BUY
2015-07-22;106.82736627218932;0.0;BUY;118.83507959999999;-482.74000000000007;BUY
2015-07-23;108.86229570880631;0.0;BUY;112.6358872;-530.87;BUY
2015-07-24;113.27307192099327;0.0;BUY;112.96785159999999;-494.61999999999995;BUY
2015-07-27;104.08239280416569;0.0;BUY;117.33311440000001;-461.82000000000005;BUY
2015-07-28;106.07743871664813;0.0;BUY;116.5075348;-422.87999999999994;BUY
2015-07-29;122.45632440083995;0.0;BUY;114.07042040000002;-442.68999999999994;BUY
2015-07-30;129.27090110063986;0.0;BUY;121.6716558;-541.26;BUY
2015-07-31;121.11871030855447;0.0;BUY;116.220395;-589.2300000000001;BUY
2015-03-08;106.45259422913863;177.0808801592231;SELL;119.069581;36.07;BUY
2015-04-08;115.92827334558663;201.62912702889847;SELL;119.35989040000001;113.76;BUY
2015-05-08;110.47157334035275;0.0;BUY;122.57174540000001;-412.94;BUY
2015-06-08;110.48783070372015;0.0;BUY;115.8294324;-255.36;BUY
2015-07-08;121.86193831535698;0.0;BUY;120.13790279999999;-451.18;BUY
2015-10-08;139.98115484116835;22.026232337933806;BUY;138.1686784;-143.31;BUY
2015-11-08;148.3174724984467;0.0;BUY;139.1885692;-27.650000000000006;BUY
2015-12-08;146.50750278157358;213.15393586343532;SELL;144.73439;359.15;SELL
2015-08-13;167.32342470592243;0.0;BUY;152.3196136;-439.74;BUY
2015-08-14;175.58641381881966;0.0;BUY;180.4757392;-413.84999999999997;BUY
2015-08-17;119.90328547056265;35.773088996396595;BUY;132.3021398;-221.41;BUY
2015-08-18;124.15603593179651;35.752619150914036;BUY;124.3418966;-367.2300000000001;BUY
2015-08-19;148.10582909361452;0.0;BUY;116.8629678;-367.94;BUY
2015-08-20;166.54806238405104;35.912705611116564;BUY;155.36610119999997;-415.17000000000013;BUY
2015-08-21;154.7812843324508;0.0;BUY;164.9785796;-462.87;BUY
2015-08-24;138.75857978894248;34.915390278328644;BUY;153.1171238;-191.95999999999998;BUY
2015-08-25;144.92029442021465;0.0;BUY;150.537945;-262.92;BUY
2015-08-26;150.4585806634416;0.0;BUY;148.7656038;-272.6599999999999;BUY
2015-08-27;152.07438674887206;0.0;BUY;147.526286;-479.11;BUY
2015-08-28;147.46866420448157;0.0;BUY;145.0176398;-427.74;BUY
2015-08-31;147.87962468097015;0.0;BUY;138.0494078;-348.4;BUY
2015-01-09;185.70869655083146;395.4944499590376;SELL;173.2476018;509.78;SELL
2015-02-09;168.93538265859792;614.393347428441;SELL;172.4529976;700.4399999999999;SELL
2015-03-09;143.33695119950437;196.51203393332827;SELL;125.26157140000001;183.51999999999995;SELL
2015-04-09;136.38608015666006;194.3554046565081;SELL;129.4589916;-23.16000000000001;BUY
2015-07-09;128.57828205952688;0.0;BUY;124.44889620000001;-521.45;BUY
2015-08-09;148.447222432246;0.0;BUY;132.2553502;-262.67;BUY
2015-09-09;198.69738459900526;0.0;BUY;178.06769419999998;-202.58;BUY
2015-10-09;232.458717166483;21.751836592018897;BUY;230.13061919999998;-146.01;BUY
2015-11-09;240.3587828583582;137.18465161862548;BUY;258.9684472;-71.82;BUY
2015-09-14;174.0337464875635;0.0;BUY;177.9562158;-296.68999999999994;BUY
2015-09-15;185.8341416750627;34.564148305506095;BUY;169.2528134;-302.02;BUY
2015-09-16;226.61692865813;34.58086844271875;BUY;232.88047360000002;-320.62;BUY
2015-09-17;272.9237920116136;0.0;BUY;300.07133680000004;-417.8;BUY
2015-09-18;263.85884409808205;0.0;BUY;246.2341054;-422.81;BUY
2015-09-21;207.26328454157039;0.0;BUY;217.6276136;-242.17;BUY
2015-09-22;190.86059093398393;0.0;BUY;222.1308938;-161.8;BUY
2015-09-23;168.60934413478208;35.99368773920507;BUY;163.03135840000002;-320.78;BUY
2015-09-24;200.02253860068643;0.0;BUY;210.746759;-475.65999999999997;BUY
2015-09-25;230.80457509331634;0.0;BUY;236.0574164;-467.76;BUY
2015-09-28;269.04222446258734;0.0;BUY;257.98923959999996;-326.99;BUY
2015-09-29;270.45431905211706;0.0;BUY;264.7879804;-303.73999999999995;BUY
2015-09-30;297.0608614450149;6.381124114986744;BUY;313.4701408;-356.78000000000003;BUY
2015-01-10;301.2743857601754;505.383885245866;SELL;304.6439284;586.78;SELL
2015-02-10;325.7972122017192;612.0445999731659;SELL;350.41248239999993;712.52;SELL
2015-05-10;244.49866044036833;0.0;BUY;265.3587184;-361.17999999999995;BUY
2015-06-10;220.96190234758177;0.0;BUY;256.3601546;-370.12;BUY
2015-07-10;213.74062781332304;0.0;BUY;220.2133446;-534.73;BUY
2015-08-10;219.20784860806737;0.0;BUY;222.2203434;-341.73;BUY
2015-09-10;214.23372257646648;0.0;BUY;217.4968478;-357.18000000000006;BUY
2015-12-10;305.3621406794818;358.1914469139623;SELL;388.40056319999997;196.89000000000001;BUY
2015-10-13;335.7780094197144;118.74489221894149;BUY;373.2788206;-37.000000000000014;BUY
2015-10-14;287.55993487671424;100.50391498718163;BUY;309.6417228;80.53;BUY
2015-10-15;276.1620754732692;177.25165113398927;BUY;279.58349100000004;48.18000000000001;BUY
2015-10-16;302.9401550755232;163.87057056286147;BUY;313.2022694;5.589999999999993;BUY
2015-10-19;274.04282792167845;185.96497965154157;BUY;298.9111486;101.58;BUY
2015-10-20;172.10814918058924;170.66427952825973;BUY;178.44294340000002;87.87;BUY
2015-10-21;183.83071402118526;154.21343023535917;BUY;182.5599444;35.269999999999996;BUY
2015-10-22;163.88768033169512;131.6283832406584;BUY;183.1232956;49.85000000000001;BUY
2015-10-23;167.20663231107483;150.45710920986986;BUY;175.1979508;-25.17;BUY
2015-10-26;164.39731798866063;71.15492233196974;BUY;181.264801;29.42;BUY
2015-10-27;176.4361606426147;70.2675380563769;BUY;172.88973700000003;99.13000000000001;BUY
2015-10-28;177.1077879408977;176.5129948592267;BUY;166.8397574;30.140000000000004;BUY
2015-10-29;256.49152542904335;77.42058899304034;BUY;269.78277579999997;-282.51;BUY
2015-10-30;330.88953954581444;29.479013361080103;BUY;359.2151422;-289.56;BUY
2015-02-11;267.56536946561675;625.9736514507408;SELL;275.5772992;696.01;SELL
2015-03-11;307.25425261744084;263.62852379641134;BUY;326.05953480000005;252.59;BUY
2015-04-11;326.0772869522327;195.54571429664117;BUY;339.4026812;151.32000000000002;BUY
2015-05-11;368.79706842822554;0.0;BUY;397.861191;-436.52000000000004;BUY
2015-06-11;329.8341581218271;0.0;BUY;340.8603154;-476.53999999999996;BUY
2015-09-11;317.2017731298703;0.0;BUY;336.54414380000003;-427.59999999999997;BUY
2015-10-11;408.7492862362734;164.2966145288415;BUY;420.9858908;39.39;BUY
2015-11-11;434.51620845184516;120.45140491643687;BUY;445.3248648;-228.13;BUY
2015-12-11;440.47057116725045;252.68142139420678;BUY;499.9691198;135.67000000000002;BUY
2015-11-13;410.40732589856873;98.99008501807785;BUY;433.50019960000003;-231.72;BUY
2015-11-16;471.5245089195969;98.84149014693051;BUY;466.6626204;-268.28000000000003;BUY
2015-11-17;431.62219132404107;0.0;BUY;444.19194860000005;-41.41;BUY
2015-11-18;423.61347381161045;99.04119566102409;BUY;423.9032284;75.89;BUY
2015-11-19;429.6323978628692;155.71749955727614;BUY;455.2882478;118.14;BUY
2015-11-20;480.1813969712607;182.06048211080432;BUY;470.6955278;174.62;BUY
2015-11-23;428.9088286590826;392.2536378696348;BUY;443.57793399999997;406.47;BUY
2015-11-24;490.1808360702636;404.2732763996782;BUY;471.29066720000003;364.6600000000001;BUY
2015-11-25;573.4718176075751;369.1571630122867;BUY;567.7168224;277.96999999999997;BUY
2015-11-26;605.9431430554189;315.0509554014152;BUY;591.9501736000001;295.18;BUY
2015-11-27;562.651331009951;294.4674237395608;BUY;619.7086632;221.02999999999997;BUY
2015-11-30;458.72724785746766;265.1883815404284;BUY;488.31199239999995;208.4;BUY
2015-01-12;429.7571511720621;478.5813486014626;SELL;470.2156392;610.74;SELL
2015-02-12;515.640512212357;604.7720349463043;SELL;498.31631839999994;583.65;SELL
2015-03-12;575.9839349549798;292.05131573903907;BUY;583.071793;221.02000000000004;BUY
2015-04-12;526.2082259168545;211.70573903784828;BUY;551.5295646000001;167.24;BUY
2015-07-12;525.9200348565105;0.0;BUY;523.310775;-476.41999999999996;BUY
2015-08-12;432.0057937666693;0.0;BUY;452.634283;-423.19000000000005;BUY
2015-09-12;351.7078537935704;0.0;BUY;397.9676548;-336.08000000000004;BUY
2015-10-12;378.7126518252337;63.974678966581465;BUY;418.7439068;71.21000000000001;BUY
2015-11-12;441.9974279508144;26.961306905680253;BUY;464.276568;-62.27;BUY
2015-12-14;531.2729488336935;276.9790094828921;BUY;565.0963048;271.90999999999997;BUY
2015-12-15;450.93455707518376;254.95521811765053;BUY;500.784488;129.26999999999998;BUY
2015-12-16;421.655438281654;171.51846915164384;BUY;508.3406492;-22.170000000000016;BUY
2015-12-17;435.04943027511945;187.2604995035212;BUY;506.2405911999999;-293.62;BUY
2015-12-18;471.0988793687101;81.24313312619019;BUY;527.4774718;-241.67;BUY
2015-12-21;456.18260844522865;148.7522687543054;BUY;514.060154;51.20000000000001;BUY
2015-12-22;349.4021809251526;144.2841263052316;BUY;384.053431;117.99000000000002;BUY
2015-12-23;359.1485958247315;185.82910014671108;BUY;363.614911;56.650000000000006;BUY
2015-12-24;283.884897729198;139.36412366110574;BUY;349.11891099999997;-7.970000000000004;BUY
2015-12-28;370.91290070923037;342.9615380486179;BUY;401.7754436;219.78;BUY
2015-12-29;429.16457279270924;258.4279702610523;BUY;449.598237;244.27;BUY
2015-12-30;499.11291086179733;277.7200466846937;BUY;529.4223862;146.93;BUY
2015-12-31;520.8220887385429;182.85795837666734;BUY;558.5921874;203.82999999999998;BUY
2016-04-01;390.25912002477844;45.67944265430602;BUY;418.82786760000005;-298.6;BUY
2016-05-01;429.788339489991;0.0;BUY;455.2453128;-126.73;BUY
2016-06-01;397.2170766240945;26.68260181244728;BUY;457.34149119999995;-91.82000000000001;BUY
2016-07-01;293.29019739174;0.0;BUY;327.89468519999997;-318.07;BUY
2016-08-01;316.3347321366267;27.135695374464397;BUY;328.211281;-444.70000000000005;BUY
2016-11-01;447.71787304458417;157.2709005654964;BUY;497.89206839999997;412.05000000000007;BUY
2016-12-01;481.8466169528464;497.04359922342593;SELL;506.5847124;561.4;SELL
2016-01-13;491.28335786358207;447.9351943017549;BUY;508.5049528;525.11;SELL
2016-01-14;470.500369636645;480.0113676780248;SELL;465.7382568;457.48999999999995;BUY
2016-01-15;486.0397659288176;405.5372956068025;BUY;488.591597;522.61;SELL
2016-01-18;462.01926312296416;594.8132848790473;SELL;507.4431536;642.8499999999999;SELL
2016-01-19;525.3021427457719;539.655619268773;SELL;535.651133;714.55;SELL
2016-01-20;581.9789735240159;628.8412259453902;SELL;539.5724414;604.4;SELL
2016-01-21;591.7798045208463;543.331685235261;BUY;534.0669094;407.71000000000004;BUY
2016-01-22;609.9940464607802;408.3862077703101;BUY;551.0317544;341.14;BUY
2016-01-25;706.7036472636156;249.43020735183185;BUY;662.013588;186.85;BUY
2016-01-26;695.0496565385816;232.62857406288717;BUY;631.1957476;317.41;BUY
2016-01-27;594.7874587781597;310.42909782044876;BUY;561.7264054;356.34000000000003;BUY
2016-01-28;591.0017279025836;360.8415815996011;BUY;569.5406444;275.10999999999996;BUY
2016-01-29;660.2670949571835;301.94716315661714;BUY;644.2156428;292.05;BUY
2016-01-02;506.6068982648503;292.406170894609;BUY;536.2734009999999;385.53000000000003;BUY
2016-02-02;497.0906205434957;451.8539020277566;BUY;500.53767980000003;479.38;BUY
2016-03-02;536.3136117440172;397.9192189487253;BUY;527.7551194;366.81;BUY
2016-04-02;509.28287747533193;0.0;BUY;516.6478694;-170.59;BUY
2016-05-02;516.9669392315859;26.68880623402329;BUY;551.1599286000001;-204.99;BUY
2016-08-02;393.3393757542266;0.0;BUY;430.09402;-512.51;BUY
2016-09-02;412.00691675627695;0.0;BUY;437.99386619999996;-374.28000000000003;BUY
2016-10-02;458.46978672831324;6.222051438505172;BUY;497.5156846;-219.2;BUY
2016-11-02;437.6060799814278;373.1276059280235;BUY;458.07210819999995;371.51;BUY
2016-12-02;451.2237392689859;512.0144879948722;SELL;479.0942752;603.11;SELL
2016-02-15;313.54672945388165;483.4828807726626;SELL;373.7176498;520.0;SELL
2016-02-16;386.8541821271741;476.5652032409665;SELL;408.6261296;515.8299999999999;SELL
2016-02-17;427.2870558101383;455.81468185649993;SELL;446.9602432;460.76;SELL
2016-02-18;436.14387153677615;419.8849544104497;BUY;467.35270360000004;241.3;BUY
2016-02-19;394.4651393453885;252.5118164198724;BUY;404.6080202;60.54000000000002;BUY
2016-02-22;427.199731183558;362.4538832275531;BUY;452.66335;526.56;SELL
2016-02-23;405.79906953998477;486.06514405105156;SELL;423.6462304;526.2399999999999;SELL
2016-02-24;391.0248668236834;486.4359497754603;SELL;435.51784680000003;493.34999999999997;SELL
2016-02-25;359.971886713408;452.791797603905;SELL;408.3864974;398.78000000000003;BUY
2016-02-26;364.55576958852544;385.6699371082518;SELL;377.025269;342.66;BUY
2016-02-29;445.13404557192507;468.13453420043174;SELL;452.87045480000006;409.44999999999993;BUY
2016-01-03;441.0034528770743;355.132695817078;BUY;455.4520528;447.82000000000005;BUY
2016-02-03;422.55023066414583;441.07026432028545;SELL;451.96461680000004;428.6;BUY
2016-03-03;408.65598498267263;350.77449265338737;BUY;410.98701960000005;395.6;BUY
2016-04-03;405.4914533551813;0.0;BUY;405.41870439999997;85.44;BUY
2016-07-03;346.9302196492663;0.0;BUY;392.172439;-308.60999999999996;BUY
2016-08-03;281.94969697619683;0.0;BUY;337.6530216;-403.31;BUY
2016-09-03;293.6045271189367;0.0;BUY;325.6787128;-95.69;BUY
2016-10-03;343.10894475836665;0.0;BUY;359.8567002;70.8;BUY
2016-11-03;336.8396741604388;336.3965929548026;BUY;334.6459842;167.73;BUY
2016-03-14;328.1282295810072;413.2673981479455;SELL;362.0318338;441.21999999999997;SELL
2016-03-15;299.6117877136037;374.0496926902717;SELL;313.0186296;448.69999999999993;SELL
2016-03-16;280.7402660358142;416.42010466467025;SELL;296.4307474;322.41999999999996;SELL
2016-03-17;286.15448944703155;308.0875214070375;SELL;307.0035558;275.82000000000005;BUY
2016-03-18;284.8893256468341;285.4448620652124;SELL;304.39849080000005;226.67999999999998;BUY
2016-03-21;341.5359835611013;245.3844555979498;BUY;338.50287099999997;310.48;BUY
2016-03-22;408.8052681400269;273.8450167015681;BUY;412.3760912;260.5899999999999;BUY
2016-03-23;454.8349071611741;289.1717997880298;BUY;465.7578306;263.4;BUY
2016-03-24;459.5987092643933;272.75968238783656;BUY;473.0740442;157.51000000000002;BUY
2016-03-28;275.8071192144894;237.2200084802732;BUY;309.2687692;202.6;BUY
2016-03-29;233.3672167158781;210.29756608692503;BUY;278.69195319999994;219.41;BUY
2016-03-30;250.10207030595635;227.44413097956718;BUY;283.1440088;127.33999999999999;BUY
2016-03-31;256.4817748357918;165.843825444605;BUY;283.729048;-114.03000000000002;BUY
2016-01-04;214.66324842959477;403.70045420277927;SELL;245.18904320000001;413.54;SELL
2016-04-04;266.1530706951948;119.04528625094432;BUY;265.4638726;13.419999999999996;BUY
2016-05-04;214.03349220269362;0.0;BUY;220.33414019999998;-413.28;BUY
2016-06-04;165.54558355597777;24.672593173568;BUY;196.19968300000002;-140.57999999999998;BUY
2016-07-04;249.96153890940752;0.0;BUY;238.5725752;-276.87;BUY
2016-08-04;316.75813457923414;24.79598749356412;BUY;335.5269504;-576.13;BUY
2016-11-04;265.3412960231257;205.18849569354126;BUY;258.67497799999995;221.11999999999998;BUY
2016-12-04;255.59341938018136;527.3592761383977;SELL;244.46456899999998;627.77;SELL
2016-04-13;343.079348324795;0.0;BUY;341.24900460000003;-162.91;BUY
2016-04-14;392.66854025881014;32.72486483105452;BUY;414.246172;-264.74999999999994;BUY
2016-04-15;366.84597363934506;0.0;BUY;395.488268;-198.83;BUY
2016-04-18;269.07777101856186;23.390983313653003;BUY;330.5271792;-90.96999999999998;BUY
2016-04-19;192.20902264260684;64.08265779205983;BUY;218.75648340000004;-126.21999999999998;BUY
2016-04-20;225.7256974869254;0.0;BUY;250.98298599999998;-149.64000000000001;BUY
2016-04-21;198.1702462608728;32.938110425717085;BUY;218.4657304;-211.3;BUY
2016-04-22;193.92293306720194;32.646297962923526;BUY;208.87825039999998;-82.80999999999999;BUY
2016-04-25;172.50254010393286;174.09311987805194;SELL;174.8899576;167.22;BUY
2016-04-26;212.5559129881387;211.5785073402742;BUY;240.1834056;169.79000000000002;BUY
2016-04-27;206.16111942658043;182.98911783597794;BUY;236.0792746;135.39999999999998;BUY
2016-04-28;191.50775950268604;216.08289204264133;SELL;209.62825039999998;-180.62999999999997;BUY
2016-04-29;184.11255130449476;52.567810109651106;BUY;207.2077058;-236.46;BUY
2016-02-05;348.3171947437505;80.2910858380775;BUY;375.8589526;110.2;BUY
2016-03-05;343.5263738648404;385.6399201992678;SELL;349.444509;421.59;SELL
2016-04-05;272.741489032666;89.9141012013713;BUY;294.3372648;12.73;BUY
2016-05-05;191.4133679226388;24.90291791386838;BUY;218.420939;-506.7500000000001;BUY
2016-06-05;213.06785054664377;22.829932564465828;BUY;199.746365;-143.54;BUY
2016-09-05;225.4852509386712;53.03409169140268;BUY;232.5720244;-194.01;BUY
2016-10-05;245.92048875168229;43.50784749829367;BUY;267.83097599999996;-34.5;BUY
2016-11-05;273.9062919886735;269.40013318579065;BUY;312.690496;439.77000000000004;SELL
2016-12-05;278.90470995938495;534.9420847192633;SELL;305.1246184;549.24;SELL
2016-05-13;299.9663769174982;23.531805336118044;BUY;304.1810878;-389.30999999999995;BUY
2016-05-16;212.50780671457704;0.0;BUY;222.2452252;-339.82;BUY
2016-05-17;208.26918346695163;0.0;BUY;223.0781378;-315.35999999999996;BUY
2016-05-18;168.60648911273756;57.601975666540255;BUY;190.1552634;-437.93;BUY
2016-05-19;128.10872298002653;0.0;BUY;163.0759752;-515.06;BUY
2016-05-20;116.52186329996255;0.0;BUY;144.7028674;-540.76;BUY
2016-05-23;163.4834589632285;53.72688581688106;BUY;176.2689312;-306.5900000000001;BUY
2016-05-24;142.6544153647975;23.917205831444196;BUY;173.3366168;-422.76000000000005;BUY
2016-05-25;142.51095853195002;0.0;BUY;158.3936582;-419.87;BUY
2016-05-26;182.2200636796557;0.0;BUY;173.851907;-355.5300000000001;BUY
2016-05-27;244.62228801942766;0.0;BUY;230.28575159999997;-347.84;BUY
2016-05-30;199.10458229845534;0.0;BUY;230.6187834;-115.41;BUY
2016-05-31;;0.0;FLAT;207.36455880000003;-87.56;BUY
2016-01-06;181.30923637354968;426.0798445437283;SELL;189.1555974;364.84999999999997;SELL
2016-02-06;162.7287852974925;164.6211462431665;SELL;181.8500636;195.5;SELL
2016-03-06;152.6442947476481;380.28209186670733;SELL;179.259554;417.38;SELL
2016-06-06;114.59028118551578;0.0;BUY;143.9742428;-184.39;BUY
2016-07-06;108.24886083741598;0.0;BUY;120.5215034;-289.14;BUY
2016-08-06;108.88677278389433;0.0;BUY;118.2580196;-470.38;BUY
2016-09-06;107.56338858853398;30.955562693518004;BUY;114.0230966;-228.13;BUY
2016-10-06;117.91018540868967;41.30187187576466;BUY;114.51524979999999;-139.65;BUY
2016-06-13;168.73219182758405;22.111051410658746;BUY;156.6301916;-363.11999999999995;BUY
2016-06-14;162.2608187709925;0.0;BUY;176.8316028;-290.44000000000005;BUY
2016-06-15;168.36982270164526;0.0;BUY;161.50789840000002;-358.05999999999995;BUY
2016-06-16;151.26853645802623;0.0;BUY;161.438985;-360.52000000000004;BUY
2016-06-17;149.6326227296027;0.0;BUY;159.95252019999998;-341.83000000000004;BUY
2016-06-20;182.1372627915439;20.981647994598166;BUY;182.5532882;-368.26;BUY
2016-06-21;169.17059529653676;0.0;BUY;177.87352980000003;-273.8;BUY
2016-06-22;168.37836656086782;0.0;BUY;169.2400708;-315.42;BUY
2016-06-23;171.6902491549946;20.380279110571387;BUY;158.1945562;-416.16;BUY
2016-06-24;195.75738274146187;0.0;BUY;182.5346358;-369.86;BUY
2016-06-27;139.48008912035442;14.425686149931723;BUY;128.35451840000002;-259.34000000000003;BUY
2016-06-28;167.54898376727448;0.0;BUY;142.58253259999998;-247.15;BUY
2016-06-29;178.53903635023488;0.0;BUY;171.8839878;-311.05999999999995;BUY
2016-06-30;172.52185445932628;0.0;BUY;177.134912;-388.50999999999993;BUY
2016-01-07;165.89698815656868;328.007012735754;SELL;156.4139898;249.29;SELL
2016-04-07;115.71798951981327;0.0;BUY;117.08620379999999;-10.78;BUY
2016-05-07;108.89916691313678;21.39409493658723;BUY;119.23152520000001;-422.27;BUY
2016-06-07;122.83589074539731;0.0;BUY;122.17379879999999;-248.78;BUY
2016-07-07;145.8170853597959;21.283437449978187;BUY;154.54270659999997;-450.93;BUY
2016-08-07;142.66339391676297;0.0;BUY;198.8191006;-128.37;BUY
2016-11-07;142.52488919263442;459.23394329711425;SELL;126.79138999999999;571.4000000000001;SELL
2016-12-07;145.33088628597878;408.5787305639215;SELL;130.4715968;449.15;SELL
2016-07-13;129.18524497312512;21.646053986721512;BUY;126.29694860000001;-338.34;BUY
2016-07-14;123.36357512216507;0.0;BUY;123.45528759999999;-413.15;BUY
2016-07-15;118.25045240499291;0.0;BUY;124.22045759999999;-475.27;BUY
2016-07-18;104.33559187900337;0.0;BUY;114.6389274;-284.08;BUY
2016-07-19;105.84118586478323;0.0;BUY;111.3046818;-292.78000000000003;BUY
2016-07-20;114.55038887128279;0.0;BUY;110.3005404;-293.47999999999996;BUY
2016-07-21;113.13650439184498;0.0;BUY;114.03688899999999;-403.45000000000005;BUY
2016-07-22;112.96289995283702;0.0;BUY;113.570453;-416.28;BUY
2016-07-25;118.72645817684172;0.0;BUY;122.06090320000001;-226.24999999999994;BUY
2016-07-26;114.1534634425747;0.0;BUY;114.6614196;-200.26999999999998;BUY
2016-07-27;113.19256507564891;0.0;BUY;117.3509176;-299.14;BUY
2016-07-28;115.71535427081982;23.75937185340549;BUY;119.04550619999999;-462.40000000000015;BUY
2016-07-29;123.98661849714551;0.0;BUY;115.366445;-535.7900000000001;BUY
2016-01-08;112.4724857115403;260.59695644317037;SELL;120.27172220000001;226.34;SELL
2016-02-08;115.03626829730969;319.41557401545356;SELL;116.84165520000002;373.33;SELL
2016-03-08;124.02054884375728;354.7638346096057;SELL;118.3767788;431.13;SELL
2016-04-08;131.2230540792491;43.57674762907424;BUY;125.61554;-24.43;BUY
2016-05-08;128.80668562163933;23.943150898774995;BUY;135.93011140000002;-415.76;BUY
2016-08-08;119.75705409536953;78.87310523476104;BUY;115.53068020000002;-65.67;BUY
2016-09-08;117.44521436562817;0.0;BUY;120.8776088;-383.65999999999997;BUY
2016-10-08;137.4520211485414;27.326062908028607;BUY;124.7721868;-7.630000000000003;BUY
2016-11-08;150.74761934973958;467.88136547480593;SELL;146.37088899999998;529.56;SELL
2016-12-08;148.7716590964914;388.1672521543541;SELL;158.09471499999998;340.33000000000004;SELL
2016-08-15;179.03711253369505;0.0;BUY;183.9968122;-234.9;BUY
2016-08-16;162.09346124812495;0.0;BUY;169.923477;-288.08;BUY
2016-08-17;166.42946402526684;0.0;BUY;169.6850958;-464.88000000000005;BUY
2016-08-18;191.18988962500902;0.0;BUY;192.9803314;-535.6600000000001;BUY
2016-08-19;205.9816799837959;0.0;BUY;208.77927780000002;-512.33;BUY
2016-08-22;189.75498431482848;0.0;BUY;202.5392422;-276.22;BUY
2016-08-23;215.03077493251237;0.0;BUY;228.32212379999999;-182.04999999999998;BUY
2016-08-24;206.51672188316803;0.0;BUY;220.12118519999999;-280.59999999999997;BUY
2016-08-25;191.5637267238873;0.0;BUY;184.76783500000002;-251.97999999999996;BUY
2016-08-26;176.26351421529176;0.0;BUY;176.4291944;-299.47999999999996;BUY
2016-08-29;148.27903869896696;0.0;BUY;134.3999366;-301.99;BUY
2016-08-30;177.40935811514515;0.0;BUY;171.0877942;-183.27;BUY
2016-08-31;184.0894522006431;0.0;BUY;190.08472319999998;-232.21999999999997;BUY
2016-01-09;167.77792219297794;243.1351000586366;SELL;162.6895608;343.41;SELL
2016-02-09;162.7167538515974;365.1022655849984;SELL;158.86550780000002;442.71;SELL
2016-05-09;127.09531362937145;23.4853136284013;BUY;132.9633026;-377.61999999999995;BUY
2016-06-09;131.95902343396983;0.0;BUY;136.14772299999998;-351.95;BUY
2016-07-09;141.2027184223378;0.0;BUY;131.32986200000002;-324.11999999999995;BUY
2016-08-09;164.39050324916616;82.33129669667156;BUY;144.19673559999998;-94.9;BUY
2016-09-09;181.26734485264097;0.0;BUY;175.83236580000002;-422.94000000000005;BUY
2016-12-09;161.2248801901458;345.9749648573297;SELL;161.2786304;338.18000000000006;SELL
2016-09-13;152.7687089467382;0.0;BUY;145.09812040000003;-225.36999999999995;BUY
2016-09-14;140.95474505642866;0.0;BUY;144.4187452;-303.53999999999996;BUY
2016-09-15;;0.0;FLAT;148.55557340000001;-340.86;BUY
2016-09-16;142.08777907013985;0.0;BUY;155.1552054;-305.22;BUY
2016-09-19;147.3041765327156;24.896741815560446;BUY;134.9501726;-279.26;BUY
2016-09-20;169.549009767788;24.307757163669365;BUY;155.45056680000002;-169.20999999999998;BUY
2016-09-21;239.53683016946835;0.0;BUY;265.8835792;-197.54000000000002;BUY
2016-09-22;265.70043332951525;21.45654469469626;BUY;295.24659760000003;-285.70000000000005;BUY
2016-09-23;239.3563303809375;22.909732965064933;BUY;280.23080439999995;-381.51;BUY
2016-09-26;193.41130171726041;24.140035690649214;BUY;187.26092240000003;-294.69;BUY
2016-09-27;189.10773248221687;0.0;BUY;206.072242;-343.61;BUY
2016-09-28;154.862296660854;0.0;BUY;172.69230380000002;-253.7;BUY
2016-09-29;156.18926956358627;0.0;BUY;127.242953;-340.65999999999997;BUY
2016-09-30;170.36410960359441;0.0;BUY;157.00110719999998;-337.57000000000005;BUY
2016-03-10;201.11617743574283;378.05514318062046;SELL;236.582304;363.37;SELL
2016-04-10;223.22777277838628;19.563825323528242;BUY;250.43443140000002;18.270000000000003;BUY
2016-05-10;208.01713858815793;24.103681410233985;BUY;242.3102692;-420.24;BUY
2016-06-10;202.07839876072455;0.0;BUY;211.785189;-354.36;BUY
2016-07-10;188.49615504864573;24.018971219837884;BUY;181.3162058;-254.97;BUY
2016-10-10;188.08493084563133;81.06365904459244;BUY;178.10720680000003;154.96;BUY
2016-11-10;204.62975618931478;474.7044994814879;SELL;200.65324919999998;467.53999999999996;SELL
2016-12-10;179.08609411888327;359.49922219269746;SELL;177.9265266;484.24;SELL
2016-10-13;185.26314175292873;31.35703030844773;BUY;175.0406572;-192.84;BUY
2016-10-14;196.1889840169925;0.0;BUY;187.170302;-249.35000000000002;BUY
2016-10-17;198.4491929716834;96.54475949870158;BUY;225.9203424;-54.79;BUY
2016-10-18;154.4882199344285;65.94498076354195;BUY;183.2764936;-5.989999999999998;BUY
2016-10-19;181.15624440017405;68.1678319095389;BUY;156.789678;17.74;BUY
2016-10-20;235.71867495538646;100.85227485957793;BUY;236.9497394;102.29;BUY
2016-10-21;312.2116663638967;150.75499525356958;BUY;350.7604222;112.55999999999999;BUY
2016-10-24;315.1571622201311;200.63910029515222;BUY;331.9699798;221.58;BUY
2016-10-25;251.58805695261543;234.16558023422922;BUY;265.319375;121.02000000000001;BUY
2016-10-26;276.93279533577055;171.57572942213238;BUY;310.5067092;87.5;BUY
2016-10-27;362.13432525313067;138.1079365835127;BUY;386.1234694;-11.419999999999998;BUY
2016-10-28;357.4980515461758;136.82159553657502;BUY;351.5427898;51.49;BUY
2016-10-31;220.0849709576476;169.99688274817422;BUY;249.34609500000002;61.16;BUY
2016-01-11;232.44098386093893;371.4656350551903;SELL;267.0299758;344.11;SELL
2016-02-11;213.58731777210852;370.68463264209856;SELL;236.5713594;268.41;SELL
2016-03-11;252.38213634115203;363.6371886941633;SELL;272.0998062;348.5299999999999;SELL
2016-04-11;310.1999415930102;144.45435092608278;BUY;324.2053332;-26.970000000000002;BUY
2016-07-11;317.0367894758594;46.31950468259861;BUY;337.4453458;-289.67;BUY
2016-08-11;360.2132723023457;0.0;BUY;376.8500852;-324.08;BUY
2016-09-11;333.85525861830223;0.0;BUY;348.2795292;-285.29;BUY
2016-10-11;340.7949733385304;227.01928490252556;BUY;375.3567134;-16.230000000000004;BUY
2016-11-11;301.8538361370114;446.61787991538614;SELL;334.13942460000004;454.25;SELL
2016-11-14;299.17236785202533;491.1117550632631;SELL;333.823863;321.29999999999995;BUY
2016-11-15;326.0455195707874;344.5443419123494;SELL;340.58592460000006;279.33;BUY
2016-11-16;353.08158621046135;294.79657524447714;BUY;364.11713;232.89;BUY
2016-11-17;374.2874996654783;263.691500438754;BUY;364.0599826;281.84000000000003;BUY
2016-11-18;406.2123784038828;290.4876598370423;BUY;383.9645232;188.14000000000001;BUY
2016-11-21;403.74577026683744;261.97045462082247;BUY;390.0066612;306.83;BUY
2016-11-22;389.32088872112854;337.6181330597061;BUY;398.7553798;394.17999999999995;BUY
2016-11-23;371.15059320648845;403.63391081266946;SELL;361.23065180000003;505.69;SELL
2016-11-24;454.98709694290426;460.5751249862547;SELL;398.9941026;428.96;SELL
2016-11-25;466.25318073597475;412.9896476721959;BUY;438.0839416;444.90999999999997;SELL
2016-11-28;560.2295211635876;485.613036752658;BUY;532.7495276000001;510.21;BUY
2016-11-29;574.0401989608272;475.5293085625872;BUY;540.15527;492.6000000000001;BUY
2016-11-30;593.2952835088149;455.1605362286989;BUY;533.5845201999999;539.0600000000001;SELL
2016-01-12;605.9890794444731;336.9816308420492;BUY;527.8980862;483.74;BUY
2016-02-12;596.7468420246879;255.9515871712096;BUY;522.9492886;226.26000000000002;BUY
2016-06-12;477.89075674954336;22.338593278865858;BUY;483.41096960000004;-342.01;BUY
2016-07-12;488.98894855072217;23.862792846310704;BUY;470.702587;-262.74;BUY
2016-08-12;541.1010691076619;0.0;BUY;516.689549;-318.79;BUY
2016-09-12;507.0934174245558;0.0;BUY;511.84159180000006;-222.95999999999998;BUY
2016-12-12;423.75067303711035;495.9890512910841;SELL;391.8160132;491.9100000000001;SELL
2016-12-13;457.5172800467053;472.5655288990022;SELL;416.1339974;543.3100000000001;SELL
2016-12-14;437.6902518361279;507.2478763814231;SELL;407.15194219999995;569.09;SELL
2016-12-15;435.3487739849078;529.3065213867034;SELL;426.518493;501.85;SELL
2016-12-16;465.7893254806414;476.7375438546735;SELL;465.26535060000003;414.17999999999995;BUY
2016-12-19;422.5627021549924;578.6829742543649;SELL;426.7940662;576.01;SELL
2016-12-20;413.772126343075;519.7761991470252;SELL;433.48773939999995;541.19;SELL
2016-12-21;306.96955623774704;490.69538226182743;SELL;350.4443412;490.62;SELL
2016-12-22;291.00207126629925;463.4810736037674;SELL;345.0786546;252.66;BUY
2016-12-23;359.9145661402225;301.8620210375376;BUY;402.6497238;101.69999999999999;BUY
2016-12-27;675.8531706375063;457.96667645523144;BUY;678.7501832;563.37;BUY
2016-12-28;646.0849062677414;512.1313471368862;BUY;678.2117598;590.7;BUY
2016-12-29;574.2368051974618;546.4685588707507;BUY;575.5216784;484.88;BUY
2016-12-30;500.11970088005023;465.97966389618637;BUY;521.5070994;454.54999999999995;BUY
2017-02-01;476.6273766910972;498.1431213541391;SELL;485.97582539999996;392.72999999999996;BUY
2017-03-01;493.3639888433313;308.7560920593594;BUY;494.52231900000004;290.16999999999996;BUY
2017-04-01;510.698974250315;0.0;BUY;511.53506;-183.61;BUY
2017-05-01;544.6841859051276;19.794894028911475;BUY;561.9218344;-158.93000000000004;BUY
2017-06-01;503.0140771025657;0.0;BUY;512.1391918;-703.96;BUY
2017-09-01;281.81278404869244;0.0;BUY;262.585142;-479.87;BUY
2017-10-01;465.4367292631364;0.0;BUY;462.3623796;-454.92999999999995;BUY
2017-11-01;397.2170766240945;107.92657086181595;BUY;415.5657422;167.78;BUY
2017-12-01;315.8520498984301;489.02570454291515;SELL;333.26939239999996;513.8399999999999;SELL
2017-01-13;432.75739021408424;449.37889073915363;SELL;411.80524180000003;475.18;SELL
2017-01-16;503.426935709595;633.1612568349859;SELL;488.11376619999993;657.8;SELL
2017-01-17;555.672294095677;582.0094111124835;SELL;551.2227056;708.4100000000001;SELL
2017-01-18;580.6378389279085;614.6729733336035;SELL;545.7814204;666.36;SELL
2017-01-19;572.8015542047822;597.9687792913143;SELL;525.6813952;573.56;SELL
2017-01-20;584.9285938849656;530.6247237011239;BUY;528.4277312;619.65;SELL
2017-01-23;589.9208269196434;648.1787860707898;SELL;562.3132462;738.6;SELL
2017-01-24;554.5432135266143;647.1581102989325;SELL;541.7469306;716.38;SELL
2017-01-25;517.0679779715025;643.3041579668894;SELL;516.5141962;712.28;SELL
2017-01-26;496.06603471622816;637.7013575378957;SELL;485.60939019999995;495.41999999999996;SELL
2017-01-27;488.66869450871434;495.8856781180867;SELL;482.0213956;453.79999999999995;BUY
2017-01-30;559.9523510178238;535.985553006821;BUY;542.829007;647.7199999999999;SELL
2017-01-31;564.2436385871724;586.1821997458869;SELL;548.1927546000001;517.52;BUY
2017-01-02;560.0559549281559;606.349132586747;SELL;542.8387730000001;655.66;SELL
2017-02-02;599.5145116100922;422.6338832545656;BUY;598.6930988;318.3;BUY
2017-03-02;631.4289090155146;333.98008911181455;BUY;619.1819326;131.37;BUY
2017-06-02;600.5314537689464;0.0;BUY;631.4782476;-688.05;BUY
2017-07-02;538.4610397984917;0.0;BUY;543.4895207999999;-416.60999999999996;BUY
2017-08-02;477.68794315486934;0.0;BUY;501.85026439999996;-606.4799999999999;BUY
2017-09-02;446.47283622727844;0.0;BUY;456.4208544;-316.31999999999994;BUY
2017-10-02;488.5009118818557;0.0;BUY;469.77465;-142.62;BUY
2017-02-13;528.0144506630913;557.820483522607;SELL;508.40225580000003;554.0699999999999;SELL
2017-02-14;531.8190985923637;515.0050158127416;BUY;543.47075;541.9699999999999;BUY
2017-02-15;554.6449146296064;501.70101143947255;BUY;542.7506042;523.79;BUY
2017-02-16;558.5842199023035;486.2362293085876;BUY;545.8169098;445.06;BUY
2017-02-17;518.166787955496;445.3977154467688;BUY;511.6919334;455.03;BUY
2017-02-20;441.51448110879574;399.90344631937035;BUY;448.83966;413.42999999999995;BUY
2017-02-21;513.3877817384935;387.547828654706;BUY;503.6175041999999;336.78;BUY
2017-02-22;508.09875790339765;347.25634574547985;BUY;504.58091039999994;474.43000000000006;BUY
2017-02-23;468.7809447812165;436.5445268138849;BUY;463.69978;362.23;BUY
2017-02-24;481.4573072295252;366.5975713461236;BUY;470.59283839999995;317.67999999999995;BUY
2017-02-27;485.1073040369149;355.7399662854226;BUY;479.55046860000004;328.65000000000003;BUY
2017-02-28;430.13764827480156;353.2980998940173;BUY;430.057157;280.28;BUY
2017-01-03;430.05343998530816;565.8305104738888;SELL;410.09182200000004;715.0;SELL
2017-02-03;453.906078387978;359.5774788557538;BUY;436.66897919999997;320.03000000000003;BUY
2017-03-03;478.9290127451784;182.40054177078576;BUY;464.7465562;137.3;BUY
2017-06-03;377.50855010780026;0.0;BUY;425.2814232;-625.6699999999998;BUY
2017-07-03;301.31023570179514;0.0;BUY;353.3082566;-477.3;BUY
2017-08-03;342.66215840164386;0.0;BUY;349.3878294;-663.8;BUY
2017-09-03;372.7058654751818;0.0;BUY;383.2235706;-356.39;BUY
2017-10-03;434.463197033715;108.86467317422075;BUY;413.4543672;-135.76999999999998;BUY
2017-03-13;465.2604098730121;165.8147670875876;BUY;477.4947068;94.12;BUY
2017-03-14;423.59788306312646;136.773708174209;BUY;433.06744860000003;89.7;BUY
2017-03-15;347.48354155363506;145.43504413346912;BUY;350.681855;59.81999999999999;BUY
2017-03-16;273.352970729511;125.57737797121032;BUY;276.8506958;-109.53;BUY
2017-03-17;303.9596233415906;90.97450497768182;BUY;293.45526839999997;-117.49000000000001;BUY
2017-03-20;451.66213235898294;103.8076603927453;BUY;446.728246;108.34;BUY
2017-03-21;498.9737647847995;158.91885920971094;BUY;465.447465;70.04;BUY
2017-03-22;429.9910634440811;160.05542054049596;BUY;407.0321306;-75.25;BUY
2017-03-23;365.6775297282578;58.25522078309753;BUY;361.29374160000003;-229.57999999999998;BUY
2017-03-24;322.7104206980201;0.0;BUY;333.2650492;-189.0;BUY
2017-03-27;357.5341649284146;0.0;BUY;377.6948994;-240.78000000000003;BUY
2017-03-28;297.1127769263769;27.929456085615712;BUY;301.614172;-420.22999999999996;BUY
2017-03-29;387.33183711545973;11.178936500261965;BUY;370.6344382;-428.75;BUY
2017-03-30;371.2816485533166;27.93632954597787;BUY;347.3185626;-448.55;BUY
2017-03-31;448.63896861406556;0.0;BUY;439.7063382;-403.21999999999997;BUY
2017-03-04;455.6858302581311;191.55981585376273;BUY;451.0530562;291.18;BUY
2017-04-04;447.41287156920714;0.0;BUY;449.30992180000004;-8.03;BUY
2017-05-04;438.1048649648643;0.0;BUY;456.9069896000001;-264.16999999999996;BUY
2017-06-04;400.3847616106566;0.0;BUY;414.921812;-424.62000000000006;BUY
2017-07-04;345.5337023144888;0.0;BUY;358.7130362;-475.09999999999997;BUY
2017-10-04;210.9912348549255;19.487555043740326;BUY;219.91599019999998;32.31999999999999;BUY
2017-11-04;258.7649944761589;26.674233172908913;BUY;258.8207172;305.97999999999996;SELL
2017-12-04;290.84314871136496;560.3451960823388;SELL;273.4750978;458.2899999999999;SELL
2017-04-13;249.78776229075012;33.326191498691685;BUY;256.1540252;-206.83999999999995;BUY
2017-04-17;361.88644096031396;142.83012243877965;BUY;370.5112568;182.71;BUY
2017-04-18;306.9611852846999;200.82690085811194;BUY;328.396339;117.00999999999999;BUY
2017-04-19;255.7562816105088;147.99359801089975;BUY;268.0968208;-53.349999999999994;BUY
2017-04-20;223.60369067437702;0.0;BUY;234.11929500000002;-154.51;BUY
2017-04-21;283.6256006563188;0.0;BUY;282.2213688;-148.25;BUY
2017-04-24;196.9924297794022;0.0;BUY;227.224173;-14.679999999999993;BUY
2017-04-25;207.33326608575388;55.78741892145045;BUY;181.20814919999998;6.840000000000003;BUY
2017-04-26;273.95780858674016;91.90100621762079;BUY;242.122791;-4.669999999999995;BUY
2017-04-27;363.0961885090528;72.56659704035033;BUY;353.5425012;-131.67000000000002;BUY
2017-04-28;308.4870094456853;20.648189517836418;BUY;326.8431466;-341.95;BUY
2017-01-05;297.2357587235082;581.245945549972;SELL;296.6896616;563.11;SELL
2017-02-05;209.00010268376244;507.1495202372595;SELL;210.79021559999998;612.0;SELL
2017-03-05;152.74874066203728;302.5039973814498;SELL;141.04385459999997;383.33;SELL
2017-04-05;140.4077701727367;0.0;BUY;133.1746626;-82.37;BUY
2017-05-05;194.94828238690758;0.0;BUY;192.91751200000002;-303.3;BUY
2017-08-05;180.08616852973708;0.0;BUY;167.607278;-508.74;BUY
2017-09-05;227.16129413546133;0.0;BUY;213.60328819999998;-370.14;BUY
2017-10-05;163.36619714894994;96.55288747138185;BUY;187.5445006;-231.19;BUY
2017-11-05;143.44815494819258;321.39640540162884;SELL;153.0045648;128.04;BUY
2017-12-05;195.95044883793682;414.5937843650122;SELL;175.77722980000001;451.28;SELL
2017-05-15;255.45979596222546;0.0;BUY;254.0653056;-356.93;BUY
2017-05-16;241.09839831578194;0.0;BUY;227.16523419999996;-449.13999999999993;BUY
2017-05-17;186.80685525496182;0.0;BUY;207.0433058;-445.78999999999996;BUY
2017-05-18;212.97941058833408;0.0;BUY;213.94640640000003;-548.5699999999999;BUY
2017-05-19;258.56606668950496;0.0;BUY;274.00467000000003;-566.74;BUY
2017-05-22;196.8760795230419;0.0;BUY;192.62669499999998;-502.38;BUY
2017-05-23;200.8919647786389;0.0;BUY;187.25071640000002;-607.7;BUY
2017-05-24;196.78161363284494;20.87174968542537;BUY;199.770687;-577.23;BUY
2017-05-25;242.6514779005164;0.0;BUY;247.58107579999998;-694.1500000000001;BUY
2017-05-26;252.2692422100158;0.0;BUY;269.87928460000006;-709.7200000000003;BUY
2017-05-29;229.00571891830322;0.0;BUY;226.6301884;-449.53999999999996;BUY
2017-05-30;177.9977871193255;0.0;BUY;208.26701599999998;-485.46000000000004;BUY
2017-05-31;188.10026410083216;0.0;BUY;172.32250119999998;-522.72;BUY
2017-01-06;144.12004099875793;507.08062122371365;SELL;166.2422622;495.31000000000006;SELL
2017-02-06;139.70311532324567;535.6477121048918;SELL;127.4377848;617.98;SELL
2017-05-06;116.89267964158707;0.0;BUY;115.9127764;-103.7;BUY
2017-06-06;143.6834209056526;0.0;BUY;129.56534720000002;-505.92999999999995;BUY
2017-07-06;184.51750028527334;0.0;BUY;173.856708;-658.23;BUY
2017-08-06;203.2758917931562;0.0;BUY;209.0318214;-139.17000000000002;BUY
2017-09-06;161.88142296002752;0.0;BUY;160.7083038;-399.59999999999997;BUY
2017-12-06;121.52921306620519;400.7574998043892;SELL;113.93086940000002;496.9599999999999;SELL
2017-06-13;143.9013096021477;33.41134927717506;BUY;130.6736412;-419.84999999999997;BUY
2017-06-14;182.09507302171818;33.71524270524347;BUY;139.9077944;-387.72999999999996;BUY
2017-06-15;210.11528497725539;0.0;BUY;175.35188200000002;-506.1599999999999;BUY
2017-06-16;174.50228263373666;0.0;BUY;173.93614019999998;-535.75;BUY
2017-06-19;218.21269541492973;33.36124674528254;BUY;233.41660099999999;-335.91;BUY
2017-06-20;184.68648989933604;33.0383075867119;BUY;190.60058899999999;-233.43999999999997;BUY
2017-06-21;204.5322588014539;69.04720228668333;BUY;191.951899;-205.67999999999998;BUY
2017-06-22;228.3586684223007;33.33650948664753;BUY;241.37054280000004;-642.0900000000001;BUY
2017-06-23;200.35333768711837;0.0;BUY;202.2686916;-627.15;BUY
2017-06-26;136.21999540083843;0.0;BUY;121.70051780000001;-248.12;BUY
2017-06-27;143.38544928566736;0.0;BUY;139.4521774;-315.66999999999996;BUY
2017-06-28;122.022885420295;0.0;BUY;122.1584774;-373.43999999999994;BUY
2017-06-29;119.4262131605923;0.0;BUY;113.26212859999998;-570.6400000000001;BUY
2017-06-30;110.92597245118729;0.0;BUY;112.09105259999998;-631.7500000000001;BUY
2017-03-07;102.12821770249046;309.1030782416341;SELL;106.2814414;227.40999999999997;SELL
2017-04-07;103.68739583939673;0.0;BUY;107.71288759999999;-338.25;BUY
2017-05-07;117.09986817626177;20.585452808103945;BUY;103.7381342;-98.66999999999999;BUY
2017-06-07;108.73229288023748;0.0;BUY;102.88920379999999;-575.2900000000001;BUY
2017-07-07;139.5251792373468;0.0;BUY;117.84195079999999;-658.1700000000001;BUY
2017-10-07;129.6267648479496;20.504991863619328;BUY;143.2671628;-135.55;BUY
2017-11-07;135.60664098403961;362.0311248493331;SELL;122.9790672;469.49;SELL
2017-12-07;146.97221697723006;435.4245295969949;SELL;115.776426;545.3100000000001;SELL
2017-07-13;136.27704642222506;0.0;BUY;112.5479572;-532.6200000000001;BUY
2017-07-14;126.47843827037508;0.0;BUY;101.268416;-582.8799999999999;BUY
2017-07-17;114.37143893515734;0.0;BUY;107.88803899999999;-525.9200000000001;BUY
2017-07-18;136.11748295114614;0.0;BUY;116.6540744;-565.62;BUY
2017-07-19;124.68952364838012;0.0;BUY;99.420314;-579.76;BUY
2017-07-20;110.60165626807938;0.0;BUY;89.57899;-675.3299999999998;BUY
2017-07-21;110.28821555738138;0.0;BUY;87.6070322;-684.2399999999999;BUY
2017-07-24;130.4977537531535;0.0;BUY;120.15539779999999;-449.27000000000004;BUY
2017-07-25;160.01264260413018;0.0;BUY;166.726885;-480.3400000000001;BUY
2017-07-26;150.66100336172207;0.0;BUY;130.9729474;-547.74;BUY
2017-07-27;152.39963920249102;0.0;BUY;122.6526252;-654.98;BUY
2017-07-28;172.79413368170447;0.0;BUY;161.75614;-673.76;BUY
2017-07-31;142.89334599991633;0.0;BUY;146.6040596;-430.37;BUY
2017-01-08;121.722784207188;508.9271673957863;SELL;127.2972348;562.89;SELL
2017-02-08;108.01875750519085;564.2000010635079;SELL;117.6278844;641.59;SELL
2017-03-08;110.15985230575264;241.92289323310285;SELL;109.1864744;224.95;SELL
2017-04-08;120.73591487495355;0.0;BUY;124.0833496;-245.80999999999997;BUY
2017-07-08;109.93961037141342;0.0;BUY;107.1991544;-456.79999999999995;BUY
2017-08-08;115.48711147486645;166.90704908460907;SELL;112.904766;-529.03;BUY
2017-09-08;111.97473380478458;0.0;BUY;110.589593;-553.36;BUY
2017-10-08;109.23530964238277;21.191892256225422;BUY;110.0680878;-31.83;BUY
2017-11-08;111.85489752993912;432.6273747346921;SELL;105.15423600000001;377.53000000000003;SELL
2017-08-14;115.54140028920398;0.0;BUY;110.8884158;-593.74;BUY
2017-08-15;130.00271709976775;0.0;BUY;134.4302624;-630.11;BUY
2017-08-16;134.59120922503493;0.0;BUY;142.1728424;-632.36;BUY
2017-08-17;151.1422291790899;0.0;BUY;150.5379978;-644.03;BUY
2017-08-18;154.39680502485677;0.0;BUY;139.51801319999998;-655.74;BUY
2017-08-21;125.76635597898861;0.0;BUY;136.581022;-538.09;BUY
2017-08-22;127.175243736677;0.0;BUY;130.6575712;-474.1;BUY
2017-08-23;124.50614901974433;0.0;BUY;122.3239538;-527.26;BUY
2017-08-24;146.24991945184738;0.0;BUY;137.6186858;-633.23;BUY
2017-08-25;123.24768879789025;0.0;BUY;146.753524;-617.77;BUY
2017-08-28;129.169022763987;0.0;BUY;132.84135859999998;-544.7;BUY
2017-08-29;112.36244524416976;0.0;BUY;117.26489879999998;-433.07;BUY
2017-08-30;105.40095896173554;0.0;BUY;105.0627892;-438.2199999999999;BUY
2017-08-31;126.52070271588286;0.0;BUY;113.521446;-482.7799999999999;BUY
2017-01-09;173.66945361457107;521.356282051051;SELL;161.45084939999998;511.21000000000004;SELL
2017-04-09;207.3313217541296;0.0;BUY;218.4869608;-24.400000000000002;BUY
2017-05-09;219.4449635359868;54.2378875989872;BUY;245.68919920000002;-222.48000000000002;BUY
2017-06-09;209.89798105247817;0.0;BUY;229.0501058;-695.24;BUY
2017-07-09;198.96073794273832;0.0;BUY;186.378356;-377.06;BUY
2017-08-09;205.18528421413689;0.0;BUY;201.8364662;-475.79;BUY
2017-11-09;155.31252138069902;363.3757748904952;SELL;176.8272576;259.47;SELL
2017-12-09;138.8651190563301;515.6848889916832;SELL;125.3357696;554.43;SELL
2017-09-13;156.4644544150657;149.89203568737867;BUY;137.5877872;188.30999999999997;SELL
2017-09-14;182.97770570733746;244.14364896775842;SELL;180.17454419999999;49.06000000000002;BUY
2017-09-15;154.14481276559655;182.90226998219316;SELL;150.4826254;33.720000000000034;BUY
2017-09-18;194.54904003489546;333.97255167916506;SELL;214.63502119999998;221.53000000000003;SELL
2017-09-19;219.73239073179852;226.74850620573653;SELL;224.36806260000003;238.68;SELL
2017-09-20;213.6074826364342;236.82078636862946;SELL;228.80068300000002;-216.67;BUY
2017-09-21;202.49289114713048;0.0;BUY;207.7704636;-448.15;BUY
2017-09-22;227.3625491208673;0.0;BUY;232.99153900000002;-480.66999999999996;BUY
2017-09-25;228.50011090732596;0.0;BUY;210.87406600000003;-232.88000000000002;BUY
2017-09-26;248.4868372013617;0.0;BUY;237.80155219999997;-263.27;BUY
2017-09-27;253.48948855828422;0.0;BUY;266.3834004;-357.10999999999996;BUY
2017-09-28;254.94774709635016;0.0;BUY;260.07840899999997;-659.69;BUY
2017-09-29;256.1480153426842;0.0;BUY;258.4630776;-672.77;BUY
2017-02-10;215.58040232331797;436.7774736963139;SELL;235.68154819999998;436.47999999999996;SELL
2017-03-10;215.67420779263665;130.61092868295773;BUY;233.40065780000003;114.33;BUY
2017-04-10;208.79598813179996;0.0;BUY;229.8318978;-1.8099999999999998;BUY
2017-05-10;180.5543002026452;35.03664661580505;BUY;155.2525716;-240.49;BUY
2017-06-10;200.20271578440259;0.0;BUY;164.2424302;-562.1;BUY
2017-09-10;337.5326589375046;244.52674460537858;BUY;327.3521128;76.69999999999996;BUY
2017-10-10;391.7383979613704;19.299867570891617;BUY;362.5667942;-390.09;BUY
2017-11-10;430.7364603732884;301.68439843787894;BUY;402.74911480000003;267.87;BUY
2017-12-10;438.1516246426237;520.2568197549512;SELL;398.05096480000003;564.4100000000001;SELL
2017-10-13;429.15521630388844;0.0;BUY;406.111195;-659.44;BUY
2017-10-16;361.20959596608;0.0;BUY;394.9478564;-162.25;BUY
2017-10-17;347.5787740392244;0.0;BUY;375.2756356;-251.23000000000002;BUY
2017-10-18;346.4604853507424;0.0;BUY;340.06513019999994;-292.02000000000004;BUY
2017-10-19;336.1766809327107;0.0;BUY;334.15336119999995;-429.89000000000004;BUY
2017-10-20;305.3649219541654;0.0;BUY;306.01063500000004;-317.33;BUY
2017-10-23;292.61084334454426;19.3746600656021;BUY;301.89205219999997;-244.68000000000004;BUY
2017-10-24;282.64819576203865;0.0;BUY;297.5068588;-136.35999999999999;BUY
2017-10-25;329.64245273078825;19.362708352222946;BUY;327.0119734;-123.38;BUY
2017-10-26;334.56286921604266;19.37438061646023;BUY;330.4531092;-322.67;BUY
2017-10-27;346.9748286248895;0.0;BUY;335.4034572;-348.97;BUY
2017-10-30;304.6700957449348;165.74306519446725;BUY;325.1962952;7.890000000000002;BUY
2017-10-31;347.44485649583066;48.798178194710594;BUY;377.20381860000003;61.77;BUY
2017-01-11;389.6634115698308;509.97320984738553;SELL;389.56155079999996;554.86;SELL
2017-02-11;436.895266528961;430.37058187778786;BUY;411.138467;628.3900000000001;SELL
2017-03-11;368.2192977557711;176.29458959793266;BUY;342.831363;178.69;BUY
2017-06-11;169.45678636369263;0.0;BUY;155.06699019999996;-574.51;BUY
2017-07-11;202.7704642422272;0.0;BUY;195.007354;-334.83000000000004;BUY
2017-08-11;193.6189239520791;0.0;BUY;173.8968592;-665.4099999999999;BUY
2017-09-11;190.96504211800573;249.2743478031211;SELL;178.249973;99.85000000000001;BUY
2017-10-11;222.1147980501962;19.80052778874044;BUY;235.5936906;-397.89;BUY
2017-11-13;342.85741092832905;457.7744550212328;SELL;350.2730074;278.89;BUY
2017-11-14;254.33740829128377;352.8296129888807;SELL;261.13028019999996;286.83;SELL
2017-11-15;248.64792096864716;306.14998003120775;SELL;270.26027819999996;274.37;SELL
2017-11-16;233.45626562289337;320.5843346190949;SELL;235.32133880000004;321.03999999999996;SELL
2017-11-17;224.77415027512305;343.6343917638178;SELL;204.0267534;269.67;SELL
2017-11-20;465.411983529601;207.529110692198;BUY;476.4068448;110.44;BUY
2017-11-21;547.4435460462132;156.5349603135092;BUY;531.957503;106.33000000000001;BUY
2017-11-22;546.3772085590192;128.8267777503113;BUY;506.35708339999996;164.32;BUY
2017-11-23;544.0988131346583;184.34921023186095;BUY;548.6031922000001;163.41;BUY
2017-11-24;481.63818003074846;239.4961026766199;BUY;448.5622926;394.64000000000004;BUY
2017-11-27;503.9209524404457;437.1869142973676;BUY;517.494567;519.36;SELL
2017-11-28;372.1872253824047;474.7585753793735;SELL;401.1645508;440.99999999999994;SELL
2017-11-29;362.1131621141054;448.12905849241383;SELL;329.0106552;519.31;SELL
2017-11-30;359.1214659759055;490.20601429373767;SELL;324.4900092;497.84;SELL
2017-01-12;302.98166697718773;526.9827106816799;SELL;300.2460632;420.71999999999997;SELL
2017-04-12;378.8659189449287;0.0;BUY;398.52959419999996;-96.00999999999998;BUY
2017-05-12;324.55140450999676;0.0;BUY;367.5989242;-442.98;BUY
2017-06-12;290.4905035225315;0.0;BUY;299.353562;-457.7600000000001;BUY
2017-07-12;350.4795891876187;0.0;BUY;393.84591760000006;-421.03;BUY
2017-08-12;397.80566538405446;0.0;BUY;394.60156760000007;-574.55;BUY
2017-11-12;398.2053702642396;447.06272189623166;SELL;395.7961474;501.36000000000007;SELL
2017-12-12;418.3327097788525;549.550020823727;SELL;415.8933768;546.88;SELL
2017-12-13;498.0446845152203;510.9323277204802;SELL;453.18114919999994;505.57000000000005;SELL
2017-12-14;415.7684861905036;529.7717182281262;SELL;400.99307739999995;459.24;SELL
2017-12-15;363.5713938311976;456.67133356459294;SELL;357.2084826;459.16999999999996;SELL
2017-12-18;295.35377535841997;552.4467006429992;SELL;348.6726256;604.99;SELL
2017-12-19;309.694718102796;561.8045101456927;SELL;362.26903219999997;607.1300000000001;SELL
2017-12-20;298.4619534148897;564.9098263579863;SELL;327.0465934;448.85;SELL
2017-12-21;255.93140095936593;461.03835875935044;SELL;281.69436160000004;321.1;SELL
2017-12-22;273.91401899160337;337.2189055184637;SELL;303.49400479999997;215.72;BUY
2017-12-26;306.25016880307044;441.36988150338425;SELL;373.60674500000005;405.95000000000005;SELL
2017-12-27;405.16833346707733;404.6764014425547;BUY;437.5770306;474.04;SELL
2017-12-28;449.4074267209487;477.71730987945557;SELL;472.7256488;223.55999999999997;BUY
2017-12-29;497.0663802588782;314.25130543126687;BUY;508.0488398;41.219999999999985;BUY
2018-02-01;663.3657262000035;538.0501326493991;BUY;569.3357397999999;519.58;BUY
2018-03-01;660.679130144884;625.4629723736329;BUY;554.019779;619.98;SELL
2018-04-01;636.4270647120923;55.16445597066439;BUY;533.8049490000001;51.32;BUY
2018-05-01;632.0659673669855;0.0;BUY;528.8914736;-460.68000000000006;BUY
2018-08-01;511.622975939526;0.0;BUY;480.90088219999996;-513.4599999999999;BUY
2018-09-01;485.63934109729314;0.0;BUY;462.07163139999994;-263.31;BUY
2018-10-01;477.71252795870294;0.0;BUY;442.25768600000004;-321.43;BUY
2018-11-01;459.59560849156173;46.89498975522552;BUY;445.5796754;70.69;BUY
2018-12-01;492.1902515291606;206.22261129008285;BUY;467.03689919999994;100.87000000000002;BUY
2018-01-15;579.4472298475949;501.4932473918249;BUY;551.4819416;497.64000000000004;BUY
2018-01-16;626.2158204062582;484.3761792378565;BUY;605.7694803999999;535.46;BUY
2018-01-17;686.8249683715143;485.31855722500467;BUY;669.3029803999999;536.5699999999999;BUY
2018-01-18;700.3751316426922;498.75322233045915;BUY;682.7194402000001;514.58;BUY
2018-01-19;630.893556963165;491.36277978431536;BUY;606.8006303999999;455.78000000000003;BUY
2018-01-22;535.5702618606343;372.32502292194545;BUY;531.3920422;197.47;BUY
2018-01-23;461.49877868789474;283.098454286059;BUY;506.1549512;461.52;BUY
2018-01-24;336.2323955474189;430.2423301018983;SELL;367.9299242;466.95;SELL
2018-01-25;316.80077681503985;426.37903725073306;SELL;353.60055839999995;315.12;BUY
2018-01-26;275.770866060141;364.6480750307258;SELL;284.12514100000004;254.60999999999999;BUY
2018-01-29;373.7559996147379;391.59670107415155;SELL;389.480994;424.57;SELL
2018-01-30;448.6296341911059;409.451349504293;BUY;445.3036736;494.12000000000006;SELL
2018-01-31;300.80307774809125;467.47481817222746;SELL;287.54430160000004;540.61;SELL
2018-01-02;314.525438628743;305.099333927284;BUY;303.1867952;288.86;BUY
2018-02-02;440.56094581028924;472.1471677028221;SELL;434.9550334;576.72;SELL
2018-05-02;342.7213206423702;0.0;BUY;387.2574876;-535.02;BUY
2018-06-02;355.9554755723258;0.0;BUY;422.2184622;-453.19;BUY
2018-07-02;345.10037983364316;0.0;BUY;364.31789060000006;-470.47;BUY
2018-08-02;365.5744013247398;0.0;BUY;365.05154260000006;-611.47;BUY
2018-09-02;460.31178927015435;0.0;BUY;452.898268;-151.65000000000003;BUY
2018-12-02;526.984072846498;213.2100308462774;BUY;491.6694568;358.16;BUY
2018-02-13;486.9196872839989;608.4828283138144;SELL;445.708841;601.81;SELL
2018-02-14;513.5727330686692;542.2447261228488;SELL;474.4945968;571.02;SELL
2018-02-15;574.9952407832876;531.8653976881938;BUY;520.093103;535.92;SELL
2018-02-16;568.5390571592783;511.2708631585775;BUY;532.2356082;565.96;SELL
2018-02-19;455.1361735172487;480.34697893611093;SELL;483.1741842;705.9799999999999;SELL
2018-02-20;295.2449210955973;634.1337474883869;SELL;308.20803860000007;728.1;SELL
2018-02-21;339.79826737989436;639.9070965779224;SELL;304.22342139999995;735.0;SELL
2018-02-22;454.4186766055491;635.226783291426;SELL;441.93643260000005;675.01;SELL
2018-02-23;510.534416241274;600.4284985120594;SELL;481.81048319999996;720.6999999999999;SELL
2018-02-26;534.1075365016927;623.3783509486273;SELL;527.5308610000001;737.36;SELL
2018-02-27;526.5227678642397;618.1898155268082;SELL;509.4845994;733.34;SELL
2018-02-28;548.7419967369599;623.3499882653227;SELL;512.5466876;723.74;SELL
2018-01-03;559.122872905223;328.13470335897887;BUY;521.3709268;174.94000000000003;BUY
2018-02-03;449.27676819632745;524.2322236912964;SELL;449.0639274;704.45;SELL
2018-05-03;455.0647418769861;0.0;BUY;442.363413;-622.02;BUY
2018-06-03;494.7825501633681;0.0;BUY;484.31731940000003;-468.3;BUY
2018-07-03;516.4021043913272;0.0;BUY;470.15349419999995;-609.85;BUY
2018-08-03;531.746106212538;0.0;BUY;515.4680294;-615.23;BUY
2018-09-03;501.75947166047104;0.0;BUY;515.0609572;-178.46999999999997;BUY
2018-12-03;489.0468911033055;358.77627274358565;BUY;453.1147316000001;476.88;SELL
2018-03-13;504.4930036703165;469.56697906048123;BUY;464.8361152;450.42;BUY
2018-03-14;469.8399425714704;394.34175638649623;BUY;442.17259299999995;416.03999999999996;BUY
2018-03-15;473.90376735528343;372.3580533472834;BUY;473.5917324;469.3;BUY
2018-03-16;453.78179976260526;415.5771497568849;BUY;445.70782740000004;447.55;SELL
2018-03-19;419.2458531908161;476.9020366590609;SELL;450.787208;562.79;SELL
2018-03-20;413.2895065448074;466.869983319298;SELL;421.29832139999996;530.1;SELL
2018-03-21;398.2766425283022;444.4050764059141;SELL;398.81800960000004;498.4599999999999;SELL
2018-03-22;387.74796607835856;424.4270435864174;SELL;370.6770854;299.12;BUY
2018-03-23;405.01299932845063;286.2316524964529;BUY;389.39914260000006;264.24;BUY
2018-03-26;316.3688197176374;254.8006452450793;BUY;335.17672539999995;252.01999999999998;BUY
2018-03-27;319.5223272736312;260.66405650107237;BUY;354.9316078;254.2;BUY
2018-03-28;306.15544369030846;255.67706814782665;BUY;344.9602756;45.959999999999994;BUY
2018-03-29;348.19209376288796;160.0789363987859;BUY;335.6741952;-42.55;BUY
2018-02-04;283.0045276653362;601.3352656880384;SELL;315.91221;738.9300000000001;SELL
2018-03-04;196.1437764374213;575.7438154278244;SELL;221.0919268;628.34;SELL
2018-04-04;182.50462828071906;61.73784932490357;BUY;182.1107524;-93.37;BUY
2018-05-04;211.5145588522454;0.0;BUY;224.84913659999998;-723.61;BUY
2018-06-04;264.71190402401294;0.0;BUY;259.5246844;-584.4000000000001;BUY
2018-09-04;321.87520898825846;0.0;BUY;350.6270736;-169.12;BUY
2018-10-04;294.63040426351324;0.0;BUY;306.3803778;-535.78;BUY
2018-11-04;274.2361303514309;206.90263285505839;BUY;286.6093102;73.28999999999999;BUY
2018-12-04;259.1214339728949;440.75112610159204;SELL;244.34673999999998;296.8;SELL
2018-04-13;262.01314831610495;0.0;BUY;264.08102599999995;-396.23;BUY
2018-04-16;269.13363788009605;0.0;BUY;279.9062604;-609.02;BUY
2018-04-17;340.87169776746464;0.0;BUY;348.1530756;-656.8999999999999;BUY
2018-04-18;338.079293756324;0.0;BUY;341.87446980000004;-654.9100000000001;BUY
2018-04-19;303.30281462059384;0.0;BUY;322.64520560000005;-703.7000000000002;BUY
2018-04-20;317.4436472588282;0.0;BUY;315.14764360000004;-744.8299999999999;BUY
2018-04-23;376.1157922140851;0.0;BUY;368.00856339999996;-394.7;BUY
2018-04-24;469.5158196275869;0.0;BUY;471.772163;-355.93000000000006;BUY
2018-04-25;463.83387617756875;0.0;BUY;458.1198896000001;-280.25;BUY
2018-04-26;460.7891318914293;0.0;BUY;444.33668099999994;-652.92;BUY
2018-04-27;456.6172206103902;0.0;BUY;450.26747520000004;-716.58;BUY
2018-04-30;285.75270487179733;0.0;BUY;306.02089060000003;-337.0;BUY
2018-01-05;266.24115790269354;226.10947328779534;BUY;269.2401408;284.15;SELL
2018-02-05;221.9945645478852;626.8392864229137;SELL;224.6957108;713.51;SELL
2018-03-05;259.8849125085095;529.4315845676936;SELL;281.0194928;433.4300000000001;SELL
2018-04-05;292.52971815616047;97.66990162035805;BUY;344.5438514;-410.46999999999997;BUY
2018-07-05;137.14587147213243;0.0;BUY;167.75667140000002;-709.36;BUY
2018-08-05;135.20949320687296;0.0;BUY;153.21045900000001;-376.81000000000006;BUY
2018-09-05;132.80035739595186;0.0;BUY;138.82536819999999;-172.52;BUY
2018-10-05;141.91923356081736;0.0;BUY;137.1297582;-478.95000000000005;BUY
2018-11-05;137.27580952214552;129.49128787908904;BUY;152.7569118;69.96000000000001;BUY
2018-05-14;287.92075840478674;0.0;BUY;287.03643819999996;-478.73999999999995;BUY
2018-05-15;332.0223805773852;0.0;BUY;352.9144904;-624.56;BUY
2018-05-16;316.4227960139557;0.0;BUY;349.6295546;-641.2599999999999;BUY
2018-05-17;279.74149487894044;0.0;BUY;289.160128;-532.36;BUY
2018-05-18;192.67914229433234;0.0;BUY;198.9627136;-573.4000000000001;BUY
2018-05-21;138.98862146478632;0.0;BUY;166.3494754;-673.88;BUY
2018-05-22;123.05439049898416;0.0;BUY;145.4249622;-617.95;BUY
2018-05-23;162.85187120185952;0.0;BUY;179.6974614;-645.0;BUY
2018-05-24;218.34921978006528;0.0;BUY;221.1628054;-715.06;BUY
2018-05-25;212.96735400930777;0.0;BUY;199.7459178;-696.9799999999999;BUY
2018-05-28;140.50348231115515;0.0;BUY;141.38555;-493.25000000000006;BUY
2018-05-29;134.45190491926706;20.594312299945518;BUY;138.1744184;-520.76;BUY
2018-05-30;134.47466945853023;0.0;BUY;127.1078656;-419.08000000000004;BUY
2018-05-31;139.98399983353823;0.0;BUY;130.498545;-556.1499999999999;BUY
2018-01-06;141.18427381817483;345.25884860058284;SELL;126.8583592;474.82;SELL
2018-04-06;124.43400746146443;34.141460572627125;BUY;129.5998652;-542.42;BUY
2018-05-06;125.12223990158411;0.0;BUY;135.8303116;-789.0100000000001;BUY
2018-06-06;125.40802800650108;0.0;BUY;131.630763;-441.34;BUY
2018-07-06;126.0521009145805;0.0;BUY;124.8923314;-696.6200000000001;BUY
2018-08-06;141.57198957560388;34.67672115142544;BUY;131.92525600000002;-406.77;BUY
2018-11-06;157.53768362425558;123.7869023315181;BUY;152.963876;124.98;BUY
2018-12-06;167.5235809733856;203.95259092053752;SELL;162.22581100000002;96.97;BUY
2018-06-13;174.9774980780631;0.0;BUY;151.6796352;-465.58;BUY
2018-06-14;162.66330121783577;0.0;BUY;148.5644302;-454.1599999999999;BUY
2018-06-15;175.4594580318034;0.0;BUY;159.4224488;-502.01000000000005;BUY
2018-06-18;165.91085110620128;0.0;BUY;171.073092;-398.35;BUY
2018-06-19;177.7835899456657;0.0;BUY;175.268627;-354.26;BUY
2018-06-20;154.13523052139095;20.458323241558826;BUY;170.4526142;-378.02000000000004;BUY
2018-06-21;136.68283307903124;0.0;BUY;118.46347659999998;-432.46999999999997;BUY
2018-06-22;116.77293295081569;0.0;BUY;101.5891074;-423.03999999999996;BUY
2018-06-25;118.75709821267054;0.0;BUY;113.8397118;-391.48999999999995;BUY
2018-06-26;150.06687210352086;0.0;BUY;142.8696466;-346.94;BUY
2018-06-27;147.28580719386548;0.0;BUY;143.9969612;-544.32;BUY
2018-06-28;137.177203005011;0.0;BUY;109.4090248;-612.34;BUY
2018-06-29;132.67655067389882;0.0;BUY;115.52557340000001;-679.5899999999999;BUY
2018-02-07;151.74025189277708;581.108598578252;SELL;134.56845719999998;680.86;SELL
2018-03-07;167.84020047973934;422.7077927501624;SELL;174.1664844;314.49;SELL
2018-04-07;143.4623240354976;0.0;BUY;133.3979984;-387.22999999999996;BUY
2018-05-07;133.60148936839553;0.0;BUY;118.00409099999999;-782.34;BUY
2018-06-07;163.61438751273457;0.0;BUY;142.3721732;-495.04999999999995;BUY
2018-09-07;126.73972161202599;0.0;BUY;115.2008068;-373.86;BUY
2018-10-07;107.72012339994686;0.0;BUY;119.7048134;-167.03999999999996;BUY
2018-11-07;111.01582098378977;176.1184417422511;SELL;103.96876759999999;117.93;SELL
2018-12-07;128.8570745922457;174.43535309424527;SELL;104.71747459999999;128.40999999999997;SELL
2018-07-13;161.0779371178385;0.0;BUY;132.4219434;-596.9699999999999;BUY
2018-07-16;143.46536073567552;0.0;BUY;165.5764554;-36.85999999999999;BUY
2018-07-17;127.15367837023422;112.72836438383217;BUY;119.1105822;-11.09000000000002;BUY
2018-07-18;124.95178259467701;166.48247444216003;SELL;103.3139468;-138.80000000000004;BUY
2018-07-19;116.49116571358195;56.09779959643623;BUY;98.379554;-210.67;BUY
2018-07-20;107.92218728817686;20.25853986674045;BUY;100.81767459999999;-232.32999999999998;BUY
2018-07-23;116.55582522666352;20.431332095177332;BUY;112.51510079999998;-145.17000000000002;BUY
2018-07-24;112.7568884820585;0.0;BUY;112.09486240000001;-41.260000000000005;BUY
2018-07-25;110.90814606209116;113.30079301890963;SELL;92.99108000000001;-161.15000000000003;BUY
2018-07-26;117.58598074917687;0.0;BUY;92.4771868;-191.27999999999997;BUY
2018-07-27;125.80234941139733;78.95192978621742;BUY;94.72434720000001;-179.57000000000002;BUY
2018-07-30;121.53265699422556;0.0;BUY;114.166987;-472.13;BUY
2018-07-31;136.9182297587923;0.0;BUY;117.770504;-417.40000000000003;BUY
2018-01-08;149.42663857950302;440.3440298782797;SELL;125.836582;604.0000000000001;SELL
2018-02-08;157.23984940787795;599.340969816973;SELL;121.6547658;555.33;SELL
2018-03-08;130.13948620664348;324.230417598877;SELL;104.7320052;186.85;SELL
2018-06-08;146.85731395238278;0.0;BUY;141.66569199999998;-480.6500000000001;BUY
2018-07-08;130.94751955509136;0.0;BUY;149.2600878;-384.54999999999995;BUY
2018-08-08;126.087748960857;0.0;BUY;125.01446740000002;-570.6700000000001;BUY
2018-09-08;170.77642806204454;0.0;BUY;130.4592656;-230.53000000000003;BUY
2018-10-08;214.14672632744615;0.0;BUY;192.13399280000002;-293.33;BUY
2018-08-13;126.519338486316;0.0;BUY;133.8754774;-553.1500000000001;BUY
2018-08-14;135.08958498791722;0.0;BUY;127.5892848;-589.0400000000001;BUY
2018-08-15;147.34958323853493;0.0;BUY;128.4185862;-632.7199999999999;BUY
2018-08-16;151.25474597421686;0.0;BUY;122.049718;-792.87;BUY
2018-08-17;151.16747165034784;0.0;BUY;123.8714038;-822.75;BUY
2018-08-20;129.97482065896088;0.0;BUY;119.4325872;-299.11;BUY
2018-08-21;151.51494121054287;0.0;BUY;142.51557019999998;-288.91;BUY
2018-08-22;143.6316182546332;0.0;BUY;114.90785679999999;-346.27;BUY
2018-08-23;126.14702656312198;0.0;BUY;100.52150440000001;-458.40000000000003;BUY
2018-08-24;112.80600637831694;0.0;BUY;88.22148220000001;-409.05999999999995;BUY
2018-08-27;109.48222184348745;0.0;BUY;104.94970020000001;-254.01;BUY
2018-08-28;107.50029695925085;35.70335987730674;BUY;112.91657240000002;-232.76999999999998;BUY
2018-08-29;131.58459534847375;0.0;BUY;80.1553658;-214.46000000000004;BUY
2018-08-30;145.57295980993933;0.0;BUY;93.06974;-337.72999999999996;BUY
2018-08-31;129.98989716646898;0.0;BUY;91.43495300000001;-434.08000000000004;BUY
2018-03-09;126.92705037624296;250.26735022466687;SELL;122.37249399999999;137.97;SELL
2018-04-09;139.4960539101374;91.27301201576142;BUY;126.2292898;-221.37;BUY
2018-05-09;152.43119692060418;0.0;BUY;99.67103759999999;-885.3399999999999;BUY
2018-06-09;148.12663292436892;0.0;BUY;116.05527579999999;-448.79999999999995;BUY
2018-07-09;131.6593545614326;0.0;BUY;107.755187;-381.92999999999995;BUY
2018-10-09;121.31146543510962;0.0;BUY;110.81676979999999;-467.42999999999995;BUY
2018-11-09;117.60098192418059;97.2595367944007;BUY;102.33501240000001;-70.68;BUY
2018-12-09;111.7538129122931;358.4563255532299;SELL;76.97504980000001;519.87;SELL
2018-09-13;108.77490689479562;0.0;BUY;77.7241946;-556.63;BUY
2018-09-14;110.82098686799003;0.0;BUY;81.6302702;-588.04;BUY
2018-09-17;152.25839118412077;0.0;BUY;130.465858;-444.82000000000005;BUY
2018-09-18;169.50000512718452;0.0;BUY;146.46112019999998;-383.2900000000001;BUY
2018-09-19;187.5748714758601;0.0;BUY;136.7985292;-373.38;BUY
2018-09-20;188.68942298209663;0.0;BUY;144.9898582;-353.61;BUY
2018-09-21;189.30191517517218;0.0;BUY;170.7642966;-352.44;BUY
2018-09-24;176.66008828929506;0.0;BUY;197.47512619999998;-132.76000000000002;BUY
2018-09-25;159.92212567278426;0.0;BUY;185.8700642;-250.54999999999998;BUY
2018-09-26;173.4143139079763;0.0;BUY;123.9079186;-236.51000000000002;BUY
2018-09-27;176.96506689223594;0.0;BUY;144.91464380000002;-171.29;BUY
2018-09-28;153.2402028806072;0.0;BUY;170.1278166;-219.45999999999998;BUY
2018-01-10;206.51865661723673;450.2007820729432;SELL;171.4185256;557.68;SELL
2018-02-10;219.64903410317856;525.2615680186724;SELL;192.3777368;711.29;SELL
2018-03-10;238.61064203436828;205.70870987503713;BUY;239.81602560000002;355.12;SELL
2018-04-10;248.01362815632297;39.460582589184284;BUY;259.0244962;-292.18;BUY
2018-05-10;310.3993602920989;0.0;BUY;317.0070052;-884.3000000000002;BUY
2018-08-10;313.6908785099248;0.0;BUY;312.7667712;-608.54;BUY
2018-09-10;349.6348583046305;0.0;BUY;333.6924624;-386.3299999999999;BUY
2018-10-10;350.470630116564;0.0;BUY;334.01959960000005;-630.27;BUY
2018-11-10;345.8722119103825;124.9165601373141;BUY;321.4713994;45.37;BUY
2018-12-10;351.7257973804502;481.1003732098498;SELL;332.843103;605.6099999999999;SELL
2018-10-15;280.48048481298497;0.0;BUY;278.2965668;-361.01;BUY
2018-10-16;267.6867112664616;0.0;BUY;285.1536298;-444.19;BUY
2018-10-17;281.75750607564987;0.0;BUY;261.1394246;-472.93;BUY
2018-10-18;268.79096857155014;0.0;BUY;234.9003992;-518.8499999999999;BUY
2018-10-19;318.77723672110346;0.0;BUY;279.54159039999996;-574.2;BUY
2018-10-22;364.08012802994733;0.0;BUY;356.69126780000005;-372.8399999999999;BUY
2018-10-23;364.90430176965504;0.0;BUY;371.0471442;-177.68000000000004;BUY
2018-10-24;320.74338415698287;0.0;BUY;263.2780484;-111.87;BUY
2018-10-25;308.2799415824401;0.0;BUY;222.17768080000002;-125.4;BUY
2018-10-26;349.4349905604853;0.0;BUY;288.368383;-14.489999999999988;BUY
2018-10-29;298.2126122692346;61.98695536843001;BUY;311.5105434;86.52000000000001;BUY
2018-10-30;330.41833391874195;145.7109175217546;BUY;358.145741;-22.05;BUY
2018-10-31;315.57115276572483;52.98310192442583;BUY;339.1459388;27.74;BUY
2018-01-11;327.2422395069132;518.0528097886236;SELL;368.5657784;405.35999999999996;SELL
2018-02-11;388.78100538927606;624.7140214835312;SELL;372.81041;699.5999999999999;SELL
2018-05-11;373.3224091712292;0.0;BUY;373.4382154;-929.05;BUY
2018-06-11;423.01168534245016;0.0;BUY;425.29855480000003;-527.81;BUY
2018-07-11;476.52589593358516;20.44472284768117;BUY;452.1682496;-435.28000000000003;BUY
2018-08-11;532.6244760163557;0.0;BUY;494.11541739999996;-532.09;BUY
2018-09-11;541.6889735693494;0.0;BUY;478.3595162;-339.93999999999994;BUY
2018-12-11;590.0874847060613;524.6566002328209;BUY;530.8948798;537.75;SELL
2018-11-13;588.2032184407096;199.92873648318914;BUY;553.7877534;239.45999999999998;BUY
2018-11-14;578.9090584986722;266.60231658793384;BUY;560.080003;361.00999999999993;BUY
2018-11-15;458.2216082913019;353.208610052983;BUY;462.33819400000004;412.18000000000006;BUY
2018-11-16;320.817817036606;412.2601760705394;SELL;319.2498026;353.41999999999996;SELL
2018-11-19;411.9415518934816;445.29154963708146;SELL;406.976874;674.08;SELL
2018-11-20;362.29155073973857;581.6218079873896;SELL;389.1582592;680.7199999999999;SELL
2018-11-21;266.97700101822926;591.8110409623166;SELL;317.3955348;512.43;SELL
2018-11-22;282.2342130900969;495.95455306160505;SELL;282.007119;417.73999999999995;SELL
2018-11-23;342.27475752059047;425.25693430210805;SELL;324.193439;380.06;SELL
2018-11-26;487.29226371283414;465.6333770990074;BUY;423.81995939999996;505.9;SELL
2018-11-27;450.81017057897236;483.43534064889405;SELL;418.01549900000003;433.86;SELL
2018-11-28;590.7984232400363;408.0371927298299;BUY;538.8897886;445.19;BUY
2018-11-29;629.3907306169069;437.22392516928056;BUY;586.0206732;201.25;BUY
2018-11-30;549.1894412280185;263.9737756743866;BUY;581.3494053999999;81.08999999999997;BUY
2018-03-12;595.0282667991509;385.93763458517566;BUY;626.0697002;539.81;BUY
2018-04-12;618.8642774498035;144.81233059156745;BUY;643.2239306;-360.17;BUY
2018-05-12;626.2570117068401;0.0;BUY;673.9498894;-753.84;BUY
2018-06-12;573.2092836392217;0.0;BUY;664.7175242000001;-465.66;BUY
2018-07-12;536.223636368357;0.0;BUY;608.442737;-596.3000000000001;BUY
2018-10-12;367.2225620103484;0.0;BUY;436.78224620000003;-796.84;BUY
2018-11-12;375.05458587284625;179.41061833097632;BUY;404.836188;159.68;BUY
2018-12-12;440.7666216406892;498.2396197092104;SELL;564.4422256;563.2800000000001;BUY
2018-12-13;491.86773898411957;535.8227145843982;SELL;534.4603682;480.01;BUY
2018-12-14;426.75999269131273;469.33255756092143;SELL;559.0212769999999;537.02;BUY
2018-12-17;555.0854279406994;517.9313412122447;BUY;579.0916477999999;566.25;BUY
2018-12-18;453.43379423405554;519.8646777331462;SELL;521.9651612;438.46000000000004;BUY
2018-12-19;476.72577643143995;440.88450371341656;BUY;630.0201352000001;309.5900000000001;BUY
2018-12-20;573.9691844322468;345.87469987498025;BUY;685.873801;169.66000000000003;BUY
2018-12-21;569.3798860424157;254.83882812006283;BUY;640.9020316000001;174.76;BUY
2018-12-24;406.5076313685057;392.8338560045919;BUY;380.15648999999996;442.65;SELL
2018-12-26;343.3635204256782;477.2679919038242;SELL;399.066285;534.88;SELL
2018-12-27;417.48823773591096;491.61767550583716;SELL;471.9656448;203.89000000000001;BUY
2018-12-28;435.302001958643;256.6375757139354;BUY;562.851922;79.19;BUY
2018-12-31;594.5674792129568;178.27743569888918;BUY;602.4907658;311.09000000000003;BUY
2019-02-01;569.0905643582641;335.6102170869807;BUY;599.1487738;321.98;BUY
2019-03-01;518.6148353760192;162.02986929986272;BUY;537.5004174;-116.60000000000002;BUY
2019-04-01;511.7843618032681;0.0;BUY;577.2128946;-410.4200000000001;BUY
2019-07-01;692.0615781409438;19.468786755291156;BUY;683.2563584;-263.74;BUY
2019-08-01;600.8699094147855;0.0;BUY;617.44588;-316.68000000000006;BUY
2019-09-01;579.0686758957268;0.0;BUY;672.437064;-388.17;BUY
2019-10-01;587.0919634464066;99.0377026801486;BUY;675.1216883999999;-85.78999999999999;BUY
2019-11-01;556.5740792792769;22.640994259631512;BUY;543.8039517999999;-202.01;BUY
2019-01-14;560.629650415877;525.8986686229817;BUY;567.9030726;556.75;BUY
2019-01-15;591.932629509468;528.7005711002797;BUY;612.9726857999999;524.22;BUY
2019-01-16;646.9546327340165;510.5288649268067;BUY;759.8960787999999;635.98;BUY
2019-01-17;672.076558404547;570.9913509474633;BUY;766.1922498;571.73;BUY
2019-01-18;675.5252062943706;530.7134697581043;BUY;777.6750886;617.86;BUY
2019-01-21;595.5643907847749;550.5019115273554;BUY;730.1739862000001;577.5799999999999;BUY
2019-01-22;642.3741787381687;538.2755960066744;BUY;728.2604756;588.98;BUY
2019-01-23;674.5802731117922;553.074998105193;BUY;770.6847516;587.97;BUY
2019-01-24;630.4005070759425;530.1535796655506;BUY;797.6657610000001;398.10999999999996;BUY
2019-01-25;624.8636276488361;412.4533994549562;BUY;733.7252603999999;326.98;BUY
2019-01-28;615.6656230974429;502.63369971054937;BUY;629.3438997999999;503.06;BUY
2019-01-29;538.9354592516468;467.62282701108865;BUY;545.9841226;527.24;BUY
2019-01-30;532.9802072854781;494.29901299075044;BUY;543.2215994;506.86999999999995;BUY
2019-01-31;536.4180855258853;475.88170110168164;BUY;618.386472;281.93;BUY
2019-01-02;547.8290662394558;540.0971914145605;BUY;587.5932018;407.46000000000004;BUY
2019-04-02;455.25729285516877;35.850773261787815;BUY;484.988341;-236.68;BUY
2019-05-02;488.0828899331449;45.698488855325785;BUY;492.3981244;-434.70000000000005;BUY
2019-06-02;546.540270843285;0.0;BUY;588.6824194;-379.37;BUY
2019-07-02;554.5121348950511;19.48687694922787;BUY;613.1353296;-278.44;BUY
2019-08-02;610.3578159802673;0.0;BUY;661.1847286000001;-312.75;BUY
2019-11-02;599.8641090770104;22.794489485435182;BUY;544.9372724;-74.19;BUY
2019-12-02;592.4750154065157;44.70640187590359;BUY;576.2744914;46.64;BUY
2019-02-13;598.5211771800166;284.7541067904837;BUY;622.8811912000001;125.53999999999999;BUY
2019-02-14;573.6932304167682;216.9462766630959;BUY;545.0266667999999;42.12999999999999;BUY
2019-02-15;468.16319508220624;140.53045068095105;BUY;526.5271258;-0.3500000000000014;BUY
2019-02-18;453.85015359407373;211.6986144450373;BUY;522.0689858;106.55999999999997;BUY
2019-02-19;457.94238065482284;182.606263138258;BUY;392.83777819999995;83.63;BUY
2019-02-20;356.8572641837683;176.64095228737847;BUY;367.7911764;142.09;BUY
2019-02-21;337.01872911006603;209.30482174567337;BUY;356.21968239999995;129.85;BUY
2019-02-22;325.84340141032476;233.56226491199703;BUY;330.0536858;111.14999999999998;BUY
2019-02-25;472.44329276257406;85.75406263481526;BUY;427.48391019999997;43.3;BUY
2019-02-26;348.546594943957;95.09958426764851;BUY;346.84645980000005;60.72;BUY
2019-02-27;292.2810309851707;169.5954539631786;BUY;328.0301704;75.96000000000001;BUY
2019-02-28;387.98535782435545;154.01149396906953;BUY;446.068775;-9.609999999999996;BUY
2019-01-03;435.4391993695218;359.69861974068874;BUY;423.9349563999999;122.41;BUY
2019-04-03;284.1655578545988;79.09844597461269;BUY;266.71979480000005;-211.29000000000002;BUY
2019-05-03;340.5825464141351;0.0;BUY;366.3910242;-396.84000000000003;BUY
2019-06-03;416.99593976037875;0.0;BUY;462.5902606000001;-307.22999999999996;BUY
2019-07-03;475.16916242792786;0.0;BUY;533.4934933999999;-333.19;BUY
2019-08-03;420.4053613222711;0.0;BUY;421.0990266;-236.73000000000002;BUY
2019-11-03;400.82520903127113;20.261065217075085;BUY;437.08037300000007;84.69;BUY
2019-12-03;442.55822215845035;53.877079357587036;BUY;412.08358680000003;252.49;BUY
2019-03-13;420.17781028863385;111.76473864805632;BUY;450.55893660000004;-149.65;BUY
2019-03-14;342.93434204592535;57.74568058560358;BUY;373.2847206;-199.39;BUY
2019-03-15;307.0895554965289;48.68726157689106;BUY;395.7681998;-218.45;BUY
2019-03-18;366.3025713913336;127.28066781270388;BUY;318.3355668;-18.849999999999994;BUY
2019-03-19;348.21294264091205;99.95316909280834;BUY;274.1183792;-96.10999999999997;BUY
2019-03-20;258.3378333273738;87.28935082172177;BUY;277.7257756;-180.04999999999998;BUY
2019-03-21;311.92984138995865;36.39327817853345;BUY;375.5760108;-396.75;BUY
2019-03-22;375.16158561998293;19.29698328984393;BUY;380.7527458;-395.38999999999993;BUY
2019-03-25;343.7929342482802;109.0888091100108;BUY;318.825173;-93.99000000000001;BUY
2019-03-26;336.06526482145034;89.4170280326845;BUY;318.881628;-66.92;BUY
2019-03-27;275.4913252835465;89.27380633000698;BUY;324.607646;-102.30999999999999;BUY
2019-03-28;;74.41669580340476;FLAT;235.90725719999998;-380.58;BUY
2019-03-29;234.55668949389258;16.903886097461736;BUY;251.05940460000002;-357.69;BUY
2019-01-04;181.2657339424923;127.75125645991889;BUY;157.0007354;253.17000000000004;SELL
2019-02-04;221.53119246762688;407.0848544638227;SELL;222.88087480000002;371.49999999999994;SELL
2019-03-04;283.4114154859307;107.16464656372445;BUY;308.13505200000003;-26.510000000000012;BUY
2019-04-04;303.61309313880815;59.553239940677244;BUY;344.3775458;-268.52000000000004;BUY
2019-05-04;313.945353427371;0.0;BUY;332.77747139999997;-253.12;BUY
2019-08-04;264.6793402064394;0.0;BUY;220.58134520000002;-239.27999999999997;BUY
2019-09-04;213.25895097549835;35.9402651610733;BUY;197.5079426;-79.75999999999999;BUY
2019-10-04;240.1295457409794;0.0;BUY;233.851453;-133.25;BUY
2019-11-04;336.42303120829;142.52412008088103;BUY;354.92949139999996;9.929999999999998;BUY
2019-12-04;290.1274037861839;271.71938625473126;BUY;240.4608122;281.85;SELL
2019-04-15;320.68327222050505;0.0;BUY;296.42861;-467.10999999999996;BUY
2019-04-16;390.4597899018486;35.61301256040711;BUY;348.7983522;-492.09000000000003;BUY
2019-04-17;416.80277022036296;0.0;BUY;413.5113462;-680.4300000000001;BUY
2019-04-18;465.4429156452185;0.0;BUY;483.504542;-706.4599999999999;BUY
2019-04-22;368.35915275517925;0.0;BUY;349.4807162;-559.6100000000001;BUY
2019-04-23;406.73452799485426;0.0;BUY;383.16378100000003;-543.2;BUY
2019-04-24;326.7361016522475;0.0;BUY;300.8064418;-456.65;BUY
2019-04-25;361.028373770343;0.0;BUY;406.74734;-476.77000000000004;BUY
2019-04-26;417.7530974146006;0.0;BUY;474.95138399999996;-371.93;BUY
2019-04-29;365.52284071367376;34.130697542783864;BUY;356.7884606;-583.8700000000001;BUY
2019-04-30;294.2718845360092;0.0;BUY;242.0938242;-435.27;BUY
2019-01-05;283.831965867167;292.5254199855635;SELL;286.15997200000004;300.35;SELL
2019-02-05;299.9608773284966;337.7349986587484;SELL;302.5421306;225.49999999999997;BUY
2019-03-05;265.66525514628927;73.8801576250535;BUY;321.5492774;-100.00999999999996;BUY
2019-06-05;221.01644888749652;0.0;BUY;188.621053;-359.67999999999995;BUY
2019-07-05;231.87647549120226;0.0;BUY;236.4340872;-360.53;BUY
2019-08-05;330.8488048298409;0.0;BUY;389.6773288;-391.87;BUY
2019-09-05;366.02641751974863;35.48395917395775;BUY;395.7617242;-77.72999999999999;BUY
2019-10-05;309.2656683413268;0.0;BUY;286.44608;-49.220000000000006;BUY
2019-05-13;168.87953331493077;0.0;BUY;141.88515880000003;-285.63;BUY
2019-05-14;171.87166593677662;0.0;BUY;143.8362264;-261.69;BUY
2019-05-15;171.93368866759354;0.0;BUY;198.8150736;-332.55000000000007;BUY
2019-05-16;155.99122009138281;0.0;BUY;147.3009676;-577.3699999999999;BUY
2019-05-17;120.5696272377821;0.0;BUY;144.4754508;-633.29;BUY
2019-05-20;196.9596968152078;0.0;BUY;212.4261406;-465.5199999999999;BUY
2019-05-21;177.1062356185445;0.0;BUY;121.39659979999999;-474.9500000000001;BUY
2019-05-22;152.6712714452472;0.0;BUY;140.6845102;-502.20000000000005;BUY
2019-05-23;139.19825741616316;0.0;BUY;141.2003638;-522.08;BUY
2019-05-24;184.58042990937156;0.0;BUY;179.5310466;-595.6700000000001;BUY
2019-05-27;118.47579924358347;0.0;BUY;96.99647979999999;-402.2800000000001;BUY
2019-05-28;112.86597994778309;0.0;BUY;89.6929332;-540.4200000000001;BUY
2019-05-29;109.95101517697337;0.0;BUY;152.36363899999998;-635.46;BUY
2019-05-30;116.46737449260958;0.0;BUY;163.887669;-684.04;BUY
2019-05-31;137.4961767758716;0.0;BUY;152.1013508;-739.9699999999999;BUY
2019-03-06;132.6426301365359;77.00464057907429;BUY;113.47695139999999;-82.21000000000006;BUY
2019-04-06;158.42672424859367;0.0;BUY;125.4857398;-263.96000000000004;BUY
2019-05-06;160.02687590443634;0.0;BUY;129.401352;-400.9799999999999;BUY
2019-06-06;162.34861513068589;0.0;BUY;174.1003148;-403.27000000000004;BUY
2019-07-06;204.5322588014539;0.0;BUY;196.438075;-38.21999999999999;BUY
2019-10-06;142.15692656286916;0.0;BUY;98.7749958;3.410000000000001;BUY
2019-11-06;114.88183726734279;29.514408161994588;BUY;89.85097259999999;22.510000000000005;BUY
2019-12-06;130.78776353224129;29.657651771415598;BUY;122.0357092;-155.59;BUY
2019-06-13;152.15351811211525;0.0;BUY;146.27211819999997;-429.5799999999999;BUY
2019-06-14;142.37780196978557;0.0;BUY;150.17013359999999;-407.6099999999999;BUY
2019-06-17;151.4158107364556;0.0;BUY;100.26532519999999;-342.98;BUY
2019-06-18;123.14812825013011;0.0;BUY;98.3923856;-373.4;BUY
2019-06-19;109.04165677954586;0.0;BUY;150.6405506;-354.65000000000003;BUY
2019-06-20;110.05981255888805;0.0;BUY;153.428153;-432.08000000000004;BUY
2019-06-21;119.87536172845726;0.0;BUY;159.4175526;-440.14000000000004;BUY
2019-06-24;128.26358117329937;0.0;BUY;97.49988979999999;-389.93999999999994;BUY
2019-06-25;;0.0;FLAT;91.50167420000001;-351.91999999999996;BUY
2019-06-26;136.00996188643174;0.0;BUY;148.91710759999998;-277.67999999999995;BUY
2019-06-27;138.79746304945775;0.0;BUY;172.9562602;-442.29;BUY
2019-06-28;125.73772400100495;0.0;BUY;156.88899919999997;-496.0199999999999;BUY
2019-01-07;162.69804165239282;201.11636767803904;SELL;107.3413758;415.88000000000005;SELL
2019-02-07;166.69058432389562;217.18750135092833;SELL;111.53273440000001;170.59000000000003;SELL
2019-03-07;146.35196928263272;78.48531171777375;BUY;140.1152486;-126.11999999999998;BUY
2019-04-07;141.44406096868255;37.44380221971357;BUY;154.56295680000002;-123.7;BUY
2019-05-07;133.38310530160743;0.0;BUY;160.23671000000002;-282.81999999999994;BUY
2019-08-07;119.29079796985417;0.0;BUY;136.7646494;-353.1500000000001;BUY
2019-09-07;124.80745097210203;10.171388635867594;BUY;112.15532639999999;28.51;BUY
2019-10-07;131.55944535615268;41.087959253863495;BUY;190.51410259999997;4.2499999999999964;BUY
2019-11-07;132.72182194303187;30.708462613592722;BUY;183.4334586;-101.61000000000001;BUY
2019-12-07;151.32142612748947;10.115161912280017;BUY;200.6927222;45.18;BUY
2019-07-15;157.36609995117658;254.96542844815696;SELL;152.7966946;168.31000000000003;SELL
2019-07-16;140.71178881981143;253.13887183613255;SELL;105.9298428;183.63;SELL
2019-07-17;132.14757185405074;268.8805311051898;SELL;167.3547114;171.78000000000003;SELL
2019-07-18;123.6346011225644;259.0325264084472;SELL;171.0489854;-82.35;BUY
2019-07-19;111.45085409135469;149.03656350471192;SELL;166.1461696;-159.68999999999997;BUY
2019-07-22;120.91285075372389;147.98729146571924;SELL;119.8428756;29.939999999999987;BUY
2019-07-23;133.1454228396878;121.94400800792496;BUY;94.97703879999999;-5.3400000000000105;BUY
2019-07-24;149.69095440399707;122.62021678777606;BUY;202.2626406;47.91000000000001;BUY
2019-07-25;172.68989660808754;164.17750745049787;BUY;188.1279838;-276.51;BUY
2019-07-26;156.82382871365147;0.0;BUY;169.0014644;-318.65;BUY
2019-07-29;121.72567567922282;19.623415521196492;BUY;92.1276276;-282.21999999999997;BUY
2019-07-30;109.83721555807256;35.96500468067979;BUY;86.71517759999999;-275.11999999999995;BUY
2019-07-31;112.45527951688774;0.0;BUY;140.80725780000003;-303.71999999999997;BUY
2019-01-08;113.86418141699882;389.29377328263615;SELL;154.7231802;589.6799999999998;SELL
2019-02-08;116.65807120736635;168.7155448316239;SELL;157.45562180000002;106.72999999999999;BUY
2019-05-08;135.39513416964297;10.523212975531347;BUY;92.99804540000001;-320.0300000000001;BUY
2019-06-08;152.19428316176413;0.0;BUY;94.821152;-365.53999999999996;BUY
2019-07-08;135.81219649819852;162.6586412925156;SELL;135.2641936;-274.93;BUY
2019-08-08;129.49485970872792;0.0;BUY;138.2287804;-450.68;BUY
2019-09-08;127.51165173697778;127.43442569994514;BUY;123.54719320000001;-36.260000000000005;BUY
2019-12-08;173.51329289756387;83.02913402852678;BUY;98.38655379999999;239.66;SELL
2019-08-13;147.1239622364086;0.0;BUY;95.625597;-320.52000000000004;BUY
2019-08-14;132.86767782416473;0.0;BUY;119.1052044;-339.45;BUY
2019-08-15;117.63780529004814;0.0;BUY;112.4466018;-495.1;BUY
2019-08-16;127.44213523123214;0.0;BUY;132.79734399999998;-478.66999999999996;BUY
2019-08-19;162.04172757050898;0.0;BUY;124.002505;-315.58;BUY
2019-08-20;171.6902491549946;0.0;BUY;119.6010122;-305.08;BUY
2019-08-21;171.42535564449906;0.0;BUY;146.9788258;-278.22;BUY
2019-08-22;172.29922096406005;0.0;BUY;139.06213780000002;-341.7;BUY
2019-08-23;147.66619431946575;0.0;BUY;122.32820819999999;-357.32;BUY
2019-08-26;125.49375622255798;0.0;BUY;99.3000384;-228.39;BUY
2019-08-27;130.8617703005393;0.0;BUY;91.5296294;-176.51999999999998;BUY
2019-08-28;132.03926626612073;0.0;BUY;129.73788159999998;-267.35;BUY
2019-08-29;118.29893637142888;0.0;BUY;131.989868;-481.15999999999997;BUY
2019-08-30;112.16949422766913;0.0;BUY;135.5128136;-357.21999999999997;BUY
2019-02-09;202.0407723661508;161.7649158287165;BUY;199.81363380000002;440.2300000000001;SELL
2019-03-09;208.12846030114974;92.44504312701488;BUY;194.6826896;-13.259999999999998;BUY
2019-04-09;182.65450354614785;61.19391183941419;BUY;156.39845459999998;-67.82000000000002;BUY
2019-05-09;146.1141226868287;0.0;BUY;140.3728826;-334.14;BUY
2019-06-09;156.8760177519309;0.0;BUY;144.3692352;-318.69000000000005;BUY
2019-09-09;184.69146389169492;0.0;BUY;161.10425419999999;-65.58;BUY
2019-10-09;188.08322726386615;0.0;BUY;160.06192080000002;-80.31;BUY
2019-11-09;181.01952802813508;21.027868587539594;BUY;173.4740412;68.53999999999999;BUY
2019-12-09;201.0470100162745;285.7923336619871;SELL;195.90371499999998;299.06;SELL
2019-09-13;191.23001839363815;0.0;BUY;147.3281006;-93.04999999999998;BUY
2019-09-16;257.4535711442427;0.0;BUY;268.29372;-8.839999999999993;BUY
2019-09-17;255.3772233993614;0.0;BUY;225.10734100000002;4.140000000000008;BUY
2019-09-18;247.6167874513339;0.0;BUY;307.24911360000004;-28.4;BUY
2019-09-19;243.4281950726515;0.0;BUY;300.57028419999995;-163.14;BUY
2019-09-20;237.90587033801708;0.0;BUY;302.8021496;-114.53999999999999;BUY
2019-09-23;213.03568546173636;0.0;BUY;205.8555956;-43.629999999999995;BUY
2019-09-24;194.95007526426622;37.468242177770186;BUY;197.621984;-8.010000000000002;BUY
2019-09-25;198.4932854222373;19.917203187763686;BUY;245.94042620000002;-88.55000000000001;BUY
2019-09-26;192.3813873964886;0.0;BUY;234.1332418;-140.45000000000002;BUY
2019-09-27;181.4624303818187;0.0;BUY;221.2188126;-176.82000000000002;BUY
2019-09-30;183.12818006941362;24.40281906029967;BUY;148.3322556;-35.3;BUY
2019-01-10;225.26651734445238;453.1533542867728;SELL;211.682883;324.75;SELL
2019-02-10;203.28726843247523;427.57942554045866;SELL;186.0363602;361.96000000000004;SELL
2019-03-10;225.85462359448195;109.40036231503657;BUY;256.7515444;-10.309999999999981;BUY
2019-04-10;239.83643856819555;62.27081077838884;BUY;227.1032236;-90.34000000000003;BUY
2019-07-10;273.81873129875146;0.0;BUY;241.56933859999998;-322.41;BUY
2019-08-10;270.5767274357446;0.0;BUY;255.7734714;-355.7;BUY
2019-09-10;293.82144047335237;0.0;BUY;318.55024480000003;-63.39;BUY
2019-10-10;228.78545772583982;0.0;BUY;231.9319582;-227.47000000000003;BUY
2019-11-10;193.234093995906;71.52572130404957;BUY;212.8128662;87.99000000000001;BUY
2019-10-14;175.06122533841238;0.0;BUY;174.16036119999998;-46.73;BUY
2019-10-15;175.67215678434644;0.0;BUY;157.1023446;-81.88;BUY
2019-10-16;161.56568856242131;19.058208878817247;BUY;182.9196434;-127.27;BUY
2019-10-17;181.1868266029884;0.0;BUY;226.93892200000002;-107.10000000000001;BUY
2019-10-18;214.29241807377122;0.0;BUY;289.8180436;-111.86000000000001;BUY
2019-10-21;225.74073471199773;19.479763155878427;BUY;196.2888148;-2.8500000000000014;BUY
2019-10-22;270.4186250283723;18.41333889473649;BUY;275.42883739999996;-18.67;BUY
2019-10-23;284.4994374207709;0.0;BUY;335.1789892;33.32;BUY
2019-10-24;239.3038053670098;0.0;BUY;239.60096980000003;-157.73;BUY
2019-10-25;190.46615722463855;0.0;BUY;209.6698928;-75.56;BUY
2019-10-28;289.37264118523;62.19261808886414;BUY;280.699002;88.19;BUY
2019-10-29;324.77327377039893;71.77744385072023;BUY;363.08337939999996;58.55;BUY
2019-10-30;402.1376816392884;61.9901078493923;BUY;439.75472659999997;71.22;BUY
2019-10-31;378.23762872155396;99.72028265823113;BUY;375.74909160000004;-132.60000000000002;BUY
2019-01-11;186.11895446885265;362.28048904758043;SELL;103.1840724;177.0;SELL
2019-04-11;199.85926497197298;61.5367599026793;BUY;31.803142600000005;-85.47;BUY
2019-05-11;201.02645282187467;0.0;BUY;116.6108394;-288.90999999999997;BUY
2019-06-11;275.81747786543895;0.0;BUY;257.3289288;-344.0;BUY
2019-07-11;289.73507686086407;0.0;BUY;225.77045159999997;-405.56000000000006;BUY
2019-08-11;241.6972401014159;0.0;BUY;228.9068432;-278.84999999999997;BUY
2019-11-11;274.3366902510902;108.96837750185936;BUY;164.30723480000003;109.0;BUY
2019-12-11;303.14221377027417;294.407974195457;BUY;167.95465780000004;256.54;SELL
2019-11-13;309.07229300141944;63.55015891080695;BUY;272.752561;33.39;BUY
2019-11-14;322.76499408816574;70.30642686829339;BUY;261.8950766;-3.969999999999999;BUY
2019-11-15;252.79807967966718;67.62535723833693;BUY;284.57023839999994;3.9399999999999977;BUY
2019-11-18;307.5754284518537;133.79162885885466;BUY;194.72389640000003;197.17000000000002;SELL
2019-11-19;297.7937006382151;149.5533564415848;BUY;183.7724956;178.65999999999997;BUY
2019-11-20;302.7713772399226;163.60245534669994;BUY;217.75854520000001;63.85;BUY
2019-11-21;247.1239347827732;110.88142192779718;BUY;190.3358532;-22.84;BUY
2019-11-22;194.78164431321522;46.56460220336436;BUY;131.386842;-34.230000000000004;BUY
2019-11-25;298.5578904631408;100.65045750071444;BUY;235.37526319999998;6.999999999999998;BUY
2019-11-26;339.3328073104325;58.55626296054571;BUY;215.955554;-10.36;BUY
2019-11-27;304.8951108658554;57.194915269845154;BUY;204.020166;23.179999999999996;BUY
2019-11-28;278.38790360533426;41.56760595454926;BUY;258.216957;186.76000000000002;BUY
2019-11-29;343.769236326488;233.4167115973015;BUY;372.72796800000003;155.32999999999998;BUY
2019-02-12;419.4048078756182;324.00400410656505;BUY;238.20373199999997;246.44;SELL
2019-03-12;414.2236529197884;101.77602665572438;BUY;191.0644024;-60.82000000000001;BUY
2019-04-12;320.91516659863055;80.08550305007189;BUY;138.74196719999998;-130.91;BUY
2019-05-12;262.46296905924305;23.654558441552176;BUY;116.02672179999999;-310.69;BUY
2019-06-12;257.10403360746784;0.0;BUY;144.10732480000001;-363.83;BUY
2019-09-12;413.438957754489;0.0;BUY;215.0002748;-93.5;BUY
2019-10-12;415.9927729504361;0.0;BUY;158.57150959999998;-99.23;BUY
2019-11-12;334.22651775873;147.6952519323031;BUY;147.4033648;39.6;BUY
2019-12-12;344.18701647186504;292.9708944943152;BUY;212.4510724;59.410000000000004;BUY
2019-12-13;362.4729941671542;131.61747836526848;BUY;145.996337;-18.160000000000004;BUY
2019-12-16;361.75345427400566;234.42846569689362;BUY;167.52749939999998;192.35000000000002;SELL
2019-12-17;393.2744465273157;239.05560459445104;BUY;190.3272794;121.54;BUY
2019-12-18;401.6349566523155;199.20564409413228;BUY;264.0834438;72.64;BUY
2019-12-19;352.7402006347194;146.98305455740942;BUY;247.83142220000002;-18.96;BUY
2019-12-20;310.1044725329636;55.620551683864846;BUY;206.523143;-9.469999999999999;BUY
2019-12-23;231.83447171166895;42.65362895574149;BUY;2.8896916;-57.55;BUY
2019-12-24;212.25746618074902;43.447029946353815;BUY;22.5947994;-75.78;BUY
2019-12-26;297.4954981864613;99.13026809853437;BUY;76.9953052;-5.919999999999998;BUY
2019-12-27;332.0019783034689;102.66617581286383;BUY;131.924769;32.3;BUY
2019-12-30;283.50130586010494;125.46540758930628;BUY;334.55005719999997;185.01999999999998;BUY
2019-12-31;177.02709656470438;194.76448520360958;SELL;275.747166;235.02;BUY
2020-02-01;290.6223739623614;67.92240127111263;BUY;204.0326798;126.43;BUY
2020-01-13;374.12863769591786;185.64749110613417;BUY;330.2483858;142.64;BUY
2020-01-14;434.08275698448836;170.32912273407757;BUY;364.61255239999997;162.89000000000001;BUY
2020-01-15;380.4669992617944;187.21214096290385;BUY;271.8402216;149.17;BUY
2020-01-16;317.66569391546545;175.4257966874498;BUY;289.46194760000003;151.25;BUY
2020-01-17;375.02401610301627;187.49826105663368;BUY;294.21349580000003;263.63;BUY
2020-01-20;386.33045495277986;289.41754762574203;BUY;323.598826;327.10999999999996;SELL
